Hour,minutes,H_M,Cycl_Length,SGN_Red_Time,SGN_Green_Time,StopBar_LEFT_Trigger,Freq. AOR by Cycle,Freq. AOG by Cycle,Freq. DOR by Cycle,Freq. DOG by Cycle,StopBar_RtTh_Trigger,RTOR Depart (assumption),Freq. AOR by Cycle,Freq. AOG by Cycle,Freq. DOR by Cycle,Freq. DOG by Cycle,Truck_Present,Q_filled
0,0,0,59.97,40.45,19.52,0,0,0,0,0,0,0,0,0,0,0,0,1
0,1,0.02,59.98,40.46,19.52,1,0,1,0,0,0,0,0,0,0,0,0,1
0,2,0.03,60,40.46,19.54,1,0,2,1,2,1,2,2,2,2,2,0,1
0,3,0.05,59.97,40.44,19.52,1,0,1,0,1,1,0,0,2,0,2,0,2
0,4,0.07,59.97,40.45,19.52,1,0,1,0,1,1,0,1,4,0,5,0,2
0,5,0.08,60.06,40.54,19.52,1,0,3,0,3,1,0,0,4,0,4,0,1
0,6,0.1,59.98,40.45,19.52,0,0,0,0,0,0,0,0,0,0,0,0,1
0,7,0.12,59.96,40.44,19.53,0,0,0,0,0,1,1,1,2,1,2,0,2
0,8,0.13,59.98,40.46,19.52,0,0,0,0,0,0,0,0,0,0,0,0,1
0,9,0.15,60.09,40.56,19.52,0,0,0,0,0,0,0,0,0,0,0,0,1
0,10,0.17,59.95,40.43,19.52,0,0,0,0,0,0,0,0,0,0,0,0,1
0,11,0.18,59.97,40.54,19.42,0,0,0,0,0,0,0,0,0,0,0,0,1
0,12,0.2,60.02,40.57,19.44,0,0,0,0,0,0,0,0,0,0,0,0,1
0,13,0.22,60.03,40.5,19.53,0,0,0,0,0,0,0,0,0,0,0,0,1
0,14,0.23,59.99,40.45,19.54,1,1,0,0,1,1,0,1,0,0,1,0,2
0,15,0.25,60,40.48,19.52,0,0,0,0,0,0,0,0,0,0,0,0,1
0,16,0.27,59.96,40.42,19.54,0,0,0,0,0,0,0,0,0,0,0,0,1
0,17,0.28,59.99,40.45,19.53,0,0,0,0,0,1,0,1,0,0,1,0,2
0,18,0.3,60,40.47,19.53,1,1,0,0,1,1,3,3,0,3,0,0,2
0,19,0.32,59.99,40.47,19.52,0,0,0,0,0,0,0,0,0,0,0,0,1
0,20,0.33,60.01,40.57,19.44,0,0,0,0,0,0,0,0,0,0,0,0,1
0,21,0.35,60.09,40.56,19.53,0,0,0,0,0,0,0,0,0,0,0,0,1
0,22,0.37,60.01,40.46,19.55,0,0,0,0,0,0,0,0,0,0,0,0,1
0,23,0.38,60,40.46,19.54,0,0,0,0,0,1,0,1,0,1,0,0,2
0,24,0.4,60,40.46,19.54,0,0,0,0,0,0,0,0,0,0,0,0,1
0,25,0.42,60.09,40.56,19.53,0,0,0,0,0,0,0,0,0,0,0,0,1
0,26,0.43,60,40.47,19.53,0,0,0,0,0,0,0,0,0,0,0,0,1
0,27,0.45,60,40.48,19.52,0,0,0,0,0,0,0,0,0,0,0,0,1
0,28,0.47,59.98,40.46,19.52,0,0,0,0,0,0,0,0,0,0,0,0,1
0,29,0.48,59.99,40.45,19.54,0,0,0,0,0,0,0,0,0,0,0,0,1
0,30,0.5,59.99,40.57,19.42,0,0,0,0,0,0,0,0,0,0,0,0,1
0,31,0.52,60.08,40.56,19.52,0,0,0,0,0,0,0,0,0,0,0,0,1
0,32,0.53,60.01,40.47,19.54,0,0,0,0,0,1,0,0,1,0,1,0,2
0,33,0.55,59.99,40.45,19.54,0,0,0,0,0,0,0,0,0,0,0,0,1
0,34,0.57,59.98,40.46,19.52,0,0,0,0,0,1,0,1,1,0,2,0,2
0,35,0.58,60.07,40.55,19.52,0,0,0,0,0,0,0,0,0,0,0,0,1
0,36,0.6,59.99,40.46,19.53,0,0,0,0,0,0,0,0,0,0,0,0,1
0,37,0.62,59.97,40.45,19.53,0,0,0,0,0,0,0,0,0,0,0,0,1
0,38,0.63,59.97,40.54,19.43,0,0,0,0,0,0,0,0,0,0,0,0,1
0,39,0.65,59.99,40.56,19.43,0,0,0,0,0,1,0,0,1,0,1,0,2
0,40,0.67,60.08,40.54,19.54,0,0,0,0,0,1,0,0,1,0,1,0,2
0,41,0.68,59.99,40.45,19.53,0,0,0,0,0,1,1,1,0,1,0,0,1
0,42,0.7,59.98,40.45,19.53,0,0,0,0,0,0,0,0,0,0,0,0,1
0,46,0.77,59.98,40.46,19.52,0,0,0,0,0,0,0,0,0,0,0,0,1
0,47,0.78,59.98,40.45,19.53,1,0,1,0,1,0,0,0,0,0,0,0,1
0,48,0.8,59.95,40.43,19.52,0,0,0,0,0,0,0,0,0,0,0,0,1
0,49,0.82,59.96,40.55,19.42,0,0,0,0,0,1,0,0,1,0,1,0,2
0,50,0.83,60.09,40.55,19.53,0,0,0,0,0,0,0,0,0,0,0,0,1
0,51,0.85,59.99,40.46,19.53,0,0,0,0,0,0,0,0,0,0,0,0,1
0,52,0.87,59.96,40.45,19.51,0,0,0,0,0,0,0,0,0,0,0,0,1
0,53,0.88,60.07,40.56,19.51,0,0,0,0,0,0,0,0,0,0,0,0,1
0,54,0.9,59.99,40.46,19.53,0,0,0,0,0,0,0,0,0,0,0,0,1
0,55,0.92,59.99,40.45,19.54,0,0,0,0,0,0,0,0,0,0,0,0,1
0,56,0.93,59.98,40.46,19.52,0,0,0,0,0,0,0,0,0,0,0,0,1
0,57,0.95,59.98,40.46,19.52,0,0,0,0,0,0,0,0,0,0,0,0,1
0,58,0.97,60.07,40.55,19.52,0,0,0,0,0,0,0,0,0,0,0,0,1
0,59,0.98,60,40.46,19.54,0,0,0,0,0,1,0,1,0,0,1,0,2
1,0,1,59.98,40.45,19.53,0,0,0,0,0,0,0,0,0,0,0,0,1
1,1,1.02,60.06,40.54,19.52,0,0,0,0,0,1,0,0,1,0,1,0,2
1,2,1.03,59.97,40.45,19.52,0,0,0,0,0,0,0,0,0,0,0,0,1
1,3,1.05,59.99,40.55,19.43,0,0,0,0,0,1,1,1,0,1,0,0,1
1,4,1.07,59.99,40.56,19.43,0,0,0,0,0,0,0,0,0,0,0,0,1
1,5,1.08,60,40.56,19.44,0,0,0,0,0,1,2,2,0,2,0,0,1
1,6,1.1,60.01,40.48,19.54,0,0,0,0,0,0,0,0,0,0,0,0,1
1,7,1.12,59.99,40.46,19.53,0,0,0,0,0,0,0,0,0,0,0,0,1
1,8,1.13,59.99,40.47,19.52,0,0,0,0,0,0,0,0,0,0,0,0,1
1,9,1.15,60.07,40.55,19.52,0,0,0,0,0,0,0,0,0,0,0,0,1
1,10,1.17,59.96,40.45,19.51,0,0,0,0,0,0,0,0,0,0,0,0,1
1,11,1.18,60.06,40.53,19.53,0,0,0,0,0,0,0,0,0,0,0,0,2
1,12,1.2,59.99,40.45,19.54,0,0,0,0,0,1,0,1,1,0,2,0,2
1,13,1.22,59.95,40.42,19.52,1,0,1,0,1,1,0,1,0,0,1,0,2
1,14,1.23,60.02,40.58,19.44,0,0,0,0,0,0,0,0,0,0,0,0,1
1,15,1.25,59.98,40.56,19.42,1,0,1,0,1,1,0,0,1,0,1,0,1
1,16,1.27,60.08,40.57,19.51,0,0,0,0,0,0,0,0,0,0,0,0,1
1,17,1.28,60.01,40.49,19.52,1,0,1,0,1,1,0,1,0,0,1,0,2
1,18,1.3,59.97,40.44,19.53,0,0,0,0,0,1,0,0,2,0,2,0,2
1,19,1.32,60,40.46,19.54,0,0,0,0,0,1,0,1,0,0,1,0,2
1,20,1.33,59.98,40.56,19.42,0,0,0,0,0,0,0,0,0,0,0,0,1
1,21,1.35,60.07,40.55,19.53,0,0,0,0,0,0,0,0,0,0,0,0,1
1,22,1.37,59.99,40.46,19.53,0,0,0,0,0,0,0,0,0,0,0,0,1
1,23,1.38,59.98,40.45,19.53,0,0,0,0,0,0,0,0,0,0,0,0,1
1,24,1.4,60.07,40.55,19.52,0,0,0,0,0,0,0,0,0,0,0,0,1
1,25,1.42,59.9,40.47,19.44,0,0,0,0,0,0,0,0,0,0,0,0,1
1,26,1.43,60.07,40.55,19.52,0,0,0,0,0,0,0,0,0,0,0,0,1
1,27,1.45,59.96,40.44,19.53,0,0,0,0,0,0,0,0,0,0,0,0,1
1,28,1.47,59.97,40.45,19.52,0,0,0,0,0,0,0,0,0,0,0,0,1
1,29,1.48,60.03,40.46,19.56,0,0,0,0,0,0,0,0,0,0,0,0,1
1,30,1.5,59.97,40.45,19.52,1,1,0,0,1,0,0,0,0,0,0,0,1
1,31,1.52,59.99,40.47,19.53,0,0,0,0,0,0,0,0,0,0,0,0,1
1,32,1.53,59.98,40.46,19.52,0,0,0,0,0,0,0,0,0,0,0,0,1
1,33,1.55,59.98,40.45,19.53,0,0,0,0,0,0,0,0,0,0,0,0,1
1,34,1.57,59.97,40.46,19.52,0,0,0,0,0,0,0,0,0,0,0,0,1
1,35,1.58,59.99,40.55,19.44,0,0,0,0,0,0,0,0,0,0,0,0,1
1,36,1.6,59.98,40.55,19.43,0,0,0,0,0,0,0,0,0,0,0,0,1
1,37,1.62,60.07,40.55,19.52,0,0,0,0,0,0,0,0,0,0,0,0,1
1,38,1.63,59.98,40.46,19.52,0,0,0,0,0,0,0,0,0,0,0,0,1
1,39,1.65,59.98,40.46,19.52,0,0,0,0,0,0,0,0,0,0,0,0,1
1,40,1.67,59.97,40.55,19.43,0,0,0,0,0,0,0,0,0,0,0,0,1
1,41,1.68,59.99,40.56,19.43,0,0,0,0,0,0,0,0,0,0,0,0,1
1,42,1.7,60.05,40.54,19.52,0,0,0,0,0,0,0,0,0,0,0,0,2
1,43,1.72,59.98,40.45,19.53,0,0,0,0,0,0,0,0,0,0,0,0,1
1,44,1.73,59.99,40.45,19.54,0,0,0,0,0,0,0,0,0,0,0,0,1
1,45,1.75,59.98,40.45,19.53,0,0,0,0,0,0,0,0,0,0,0,0,2
1,46,1.77,59.91,40.48,19.44,0,0,0,0,0,0,0,0,0,0,0,0,1
1,47,1.78,60.09,40.57,19.53,0,0,0,0,0,0,0,0,0,0,0,0,1
1,48,1.8,59.99,40.47,19.53,0,0,0,0,0,0,0,0,0,0,0,0,1
1,49,1.82,59.97,40.44,19.53,0,0,0,0,0,0,0,0,0,0,0,0,1
1,50,1.83,59.98,40.46,19.53,0,0,0,0,0,0,0,0,0,0,0,0,2
1,51,1.85,59.97,40.45,19.52,0,0,0,0,0,0,0,0,0,0,0,0,1
1,52,1.87,59.98,40.56,19.42,0,0,0,0,0,0,0,0,0,0,0,0,1
1,53,1.88,59.98,40.55,19.43,0,0,0,0,0,0,0,0,0,0,0,0,1
1,57,1.95,59.96,40.43,19.53,0,0,0,0,0,0,0,0,0,0,0,0,1
1,58,1.97,60,40.47,19.53,0,0,0,0,0,0,0,0,0,0,0,0,1
1,59,1.98,60,40.47,19.53,0,0,0,0,0,0,0,0,0,0,0,0,1
2,0,2,59.99,40.47,19.52,0,0,0,0,0,1,0,1,0,0,1,0,2
2,1,2.02,59.97,40.54,19.43,0,0,0,0,0,0,0,0,0,0,0,0,1
2,2,2.03,60.08,40.55,19.52,0,0,0,0,0,0,0,0,0,0,0,0,1
2,3,2.05,59.98,40.46,19.52,0,0,0,0,0,0,0,0,0,0,0,0,1
2,4,2.07,60.06,40.54,19.52,0,0,0,0,0,0,0,0,0,0,0,0,1
2,5,2.08,59.98,40.46,19.52,0,0,0,0,0,1,0,1,0,0,1,0,2
2,6,2.1,60.01,40.46,19.55,0,0,0,0,0,0,0,0,0,0,0,0,1
2,7,2.12,59.98,40.45,19.53,0,0,0,0,0,0,0,0,0,0,0,0,1
2,8,2.13,59.98,40.53,19.45,0,0,0,0,0,0,0,0,0,0,0,0,1
2,9,2.15,60.07,40.55,19.52,0,0,0,0,0,0,0,0,0,0,0,0,1
2,10,2.17,59.98,40.46,19.52,0,0,0,0,0,0,0,0,0,0,0,0,1
2,11,2.18,59.99,40.45,19.54,0,0,0,0,0,0,0,0,0,0,0,0,1
2,12,2.2,59.99,40.56,19.43,0,0,0,0,0,0,0,0,0,0,0,0,1
2,13,2.22,60.09,40.55,19.53,0,0,0,0,0,0,0,0,0,0,0,0,1
2,14,2.23,59.97,40.43,19.54,0,0,0,0,0,0,0,0,0,0,0,0,1
2,15,2.25,59.98,40.55,19.42,0,0,0,0,0,0,0,0,0,0,0,0,1
2,16,2.27,60.07,40.54,19.53,0,0,0,0,0,0,0,0,0,0,0,0,1
2,17,2.28,60,40.47,19.53,0,0,0,0,0,0,0,0,0,0,0,0,1
2,18,2.3,59.98,40.46,19.53,0,0,0,0,0,0,0,0,0,0,0,0,1
2,19,2.32,60.08,40.56,19.53,0,0,0,0,0,0,0,0,0,0,0,0,1
2,20,2.33,60,40.46,19.54,0,0,0,0,0,0,0,0,0,0,0,0,1
2,21,2.35,59.99,40.46,19.52,0,0,0,0,0,0,0,0,0,0,0,0,1
2,22,2.37,59.99,40.46,19.53,0,0,0,0,0,0,0,0,0,0,0,0,1
2,23,2.38,59.96,40.45,19.52,0,0,0,0,0,0,0,0,0,0,0,0,1
2,24,2.4,60.07,40.54,19.52,0,0,0,0,0,0,0,0,0,0,0,0,1
2,25,2.42,59.97,40.44,19.53,0,0,0,0,0,0,0,0,0,0,0,0,1
2,26,2.43,60,40.46,19.53,0,0,0,0,0,1,0,0,1,0,1,0,2
2,27,2.45,59.99,40.57,19.42,0,0,0,0,0,1,1,1,0,1,0,0,1
2,28,2.47,59.98,40.56,19.43,0,0,0,0,0,0,0,0,0,0,0,0,1
2,29,2.48,60.08,40.54,19.54,0,0,0,0,0,0,0,0,0,0,0,0,1
2,30,2.5,60,40.46,19.54,0,0,0,0,0,0,0,0,0,0,0,0,1
2,31,2.52,59.93,40.48,19.46,0,0,0,0,0,0,0,0,0,0,0,0,1
2,32,2.53,60.02,40.49,19.54,0,0,0,0,0,0,0,0,0,0,0,0,1
2,33,2.55,59.95,40.49,19.46,0,0,0,0,0,0,0,0,0,0,0,0,1
2,34,2.57,60.02,40.49,19.54,0,0,0,0,0,1,0,1,0,0,1,0,2
2,35,2.58,60.01,40.48,19.53,0,0,0,0,0,0,0,0,0,0,0,0,1
2,36,2.6,60.03,40.48,19.54,0,0,0,0,0,1,0,1,0,0,1,0,2
2,37,2.62,59.96,40.52,19.45,0,0,0,0,0,0,0,0,0,0,0,0,1
2,38,2.63,59.96,40.55,19.42,0,0,0,0,0,0,0,0,0,0,0,0,1
2,39,2.65,59.99,40.56,19.43,0,0,0,0,0,0,0,0,0,0,0,0,1
2,40,2.67,60.08,40.54,19.54,0,0,0,0,0,0,0,0,0,0,0,0,1
2,41,2.68,59.97,40.45,19.52,1,1,0,0,1,0,0,0,0,0,0,0,1
2,42,2.7,59.98,40.55,19.43,0,0,0,0,0,0,0,0,0,0,0,0,1
2,43,2.72,60.07,40.54,19.53,0,0,0,0,0,0,0,0,0,0,0,0,1
2,44,2.73,59.97,40.45,19.52,0,0,0,0,0,0,0,0,0,0,0,0,1
2,45,2.75,59.96,40.54,19.43,0,0,0,0,0,0,0,0,0,0,0,0,1
2,46,2.77,60.07,40.55,19.52,0,0,0,0,0,0,0,0,0,0,0,0,1
2,47,2.78,59.99,40.46,19.53,0,0,0,0,0,0,0,0,0,0,0,0,1
2,48,2.8,59.97,40.56,19.42,0,0,0,0,0,0,0,0,0,0,0,0,1
2,49,2.82,60.07,40.55,19.52,0,0,0,0,0,0,0,0,0,0,0,0,1
2,50,2.83,59.98,40.45,19.52,0,0,0,0,0,1,0,1,0,0,1,0,2
2,51,2.85,59.99,40.45,19.53,0,0,0,0,0,1,0,1,0,0,1,0,2
2,52,2.87,59.97,40.55,19.42,0,0,0,0,0,0,0,0,0,0,0,0,1
2,53,2.88,60.08,40.55,19.52,0,0,0,0,0,0,0,0,0,0,0,0,1
2,54,2.9,59.96,40.44,19.52,0,0,0,0,0,0,0,0,0,0,0,0,1
2,55,2.92,59.99,40.45,19.54,0,0,0,0,0,0,0,0,0,0,0,0,1
2,56,2.93,59.99,40.47,19.52,0,0,0,0,0,0,0,0,0,0,0,0,1
2,57,2.95,59.98,40.54,19.44,1,0,1,0,1,1,0,0,1,0,1,0,2
2,58,2.97,60.06,40.54,19.52,0,0,0,0,0,1,3,3,0,3,0,0,1
2,59,2.98,60,40.45,19.55,0,0,0,0,0,0,0,0,0,0,0,0,1
3,0,3,59.97,40.45,19.52,0,0,0,0,0,0,0,0,0,0,0,0,1
3,1,3.02,60.08,40.54,19.54,0,0,0,0,0,0,0,0,0,0,0,0,1
3,2,3.03,59.99,40.46,19.53,0,0,0,0,0,0,0,0,0,0,0,0,1
3,3,3.05,59.98,40.44,19.54,0,0,0,0,0,0,0,0,0,0,0,0,1
3,4,3.07,60.07,40.55,19.52,0,0,0,0,0,0,0,0,0,0,0,0,1
3,5,3.08,59.98,40.44,19.54,0,0,0,0,0,0,0,0,0,0,0,0,1
3,9,3.15,59.98,40.55,19.43,0,0,0,0,0,0,0,0,0,0,0,0,1
3,10,3.17,60.08,40.55,19.53,0,0,0,0,0,0,0,0,0,0,0,0,1
3,11,3.18,59.99,40.46,19.53,0,0,0,0,0,0,0,0,0,0,0,0,1
3,12,3.2,59.97,40.44,19.53,0,0,0,0,0,0,0,0,0,0,0,0,1
3,13,3.22,60.07,40.55,19.53,0,0,0,0,0,0,0,0,0,0,0,0,1
3,14,3.23,59.98,40.46,19.52,0,0,0,0,0,0,0,0,0,0,0,0,1
3,15,3.25,59.95,40.43,19.52,0,0,0,0,0,0,0,0,0,0,0,0,1
3,16,3.27,59.98,40.55,19.43,0,0,0,0,0,0,0,0,0,0,0,0,1
3,17,3.28,59.97,40.54,19.43,0,0,0,0,0,0,0,0,0,0,0,0,1
3,18,3.3,60.06,40.54,19.52,0,0,0,0,0,0,0,0,0,0,0,0,1
3,19,3.32,60,40.47,19.53,0,0,0,0,0,0,0,0,0,0,0,0,1
3,20,3.33,59.98,40.44,19.54,0,0,0,0,0,0,0,0,0,0,0,0,1
3,21,3.35,59.97,40.44,19.53,0,0,0,0,0,1,0,1,0,0,1,0,2
3,22,3.37,59.96,40.54,19.42,0,0,0,0,0,0,0,0,0,0,0,0,1
3,23,3.38,59.99,40.55,19.44,0,0,0,0,0,0,0,0,0,0,0,0,1
3,27,3.45,59.97,40.44,19.52,0,0,0,0,0,0,0,0,0,0,0,0,1
3,28,3.47,59.96,40.54,19.42,0,0,0,0,0,0,0,0,0,0,0,0,1
3,29,3.48,60.01,40.57,19.45,0,0,0,0,0,0,0,0,0,0,0,0,1
3,30,3.5,60,40.55,19.45,0,0,0,0,0,0,0,0,0,0,0,0,1
3,31,3.52,60.08,40.56,19.52,0,0,0,0,0,0,0,0,0,0,0,0,1
3,32,3.53,59.98,40.46,19.52,0,0,0,0,0,0,0,0,0,0,0,0,1
3,33,3.55,59.96,40.54,19.42,0,0,0,0,0,0,0,0,0,0,0,0,1
3,34,3.57,60.07,40.55,19.52,0,0,0,0,0,0,0,0,0,0,0,0,1
3,35,3.58,59.98,40.45,19.53,0,0,0,0,0,0,0,0,0,0,0,0,1
3,36,3.6,60,40.47,19.53,0,0,0,0,0,1,0,0,1,0,1,0,2
3,37,3.62,59.96,40.54,19.42,0,0,0,0,0,0,0,0,0,0,0,0,1
3,38,3.63,60.06,40.54,19.52,0,0,0,0,0,0,0,0,0,0,0,0,1
3,39,3.65,59.98,40.54,19.44,0,0,0,0,0,0,0,0,0,0,0,0,2
3,40,3.67,59.99,40.56,19.43,1,1,0,1,0,1,1,2,0,1,1,0,2
3,41,3.68,60.09,40.56,19.53,0,0,0,0,0,0,0,0,0,0,0,0,1
3,42,3.7,59.9,40.48,19.43,0,0,0,0,0,1,0,1,0,0,1,0,2
3,43,3.72,60.09,40.54,19.54,0,0,0,0,0,0,0,0,0,0,0,0,1
3,44,3.73,59.97,40.45,19.53,0,0,0,0,0,1,0,0,1,0,1,0,1
3,45,3.75,59.99,40.47,19.52,0,0,0,0,0,0,0,0,0,0,0,0,1
3,46,3.77,59.97,40.45,19.52,0,0,0,0,0,1,0,0,1,0,1,0,2
3,47,3.78,59.99,40.46,19.53,0,0,0,0,0,0,0,0,0,0,0,0,1
3,48,3.8,59.98,40.56,19.42,1,1,1,0,2,0,0,0,0,0,0,0,2
3,49,3.82,59.99,40.57,19.43,0,0,0,0,0,0,0,0,0,0,0,0,1
3,50,3.83,60.01,40.46,19.55,0,0,0,0,0,0,0,0,0,0,0,0,1
3,51,3.85,60.02,40.49,19.52,1,2,0,1,1,1,0,1,0,1,0,0,2
3,52,3.87,59.98,40.45,19.53,1,0,1,0,1,1,0,0,1,0,1,0,1
3,53,3.88,59.99,40.46,19.53,0,0,0,0,0,0,0,0,0,0,0,0,1
3,54,3.9,59.98,40.46,19.53,1,1,0,0,1,1,1,1,0,1,0,0,2
3,55,3.92,59.98,40.54,19.44,0,0,0,0,0,0,0,0,0,0,0,0,1
3,56,3.93,60.07,40.55,19.52,0,0,0,0,0,0,0,0,0,0,0,0,1
3,57,3.95,59.98,40.46,19.52,0,0,0,0,0,0,0,0,0,0,0,0,1
3,58,3.97,59.97,40.45,19.52,0,0,0,0,0,0,0,0,0,0,0,0,1
3,59,3.98,59.99,40.47,19.52,0,0,0,0,0,1,1,1,0,1,0,0,1
4,0,4,59.99,40.47,19.52,0,0,0,0,0,0,0,0,0,0,0,0,1
4,1,4.02,59.98,40.54,19.44,0,0,0,0,0,0,0,0,0,0,0,0,1
4,2,4.03,60.08,40.55,19.53,0,0,0,0,0,0,0,0,0,0,0,0,1
4,3,4.05,59.98,40.45,19.53,0,0,0,0,0,0,0,0,0,0,0,0,1
4,4,4.07,60.01,40.47,19.54,0,0,0,0,0,0,0,0,0,0,0,0,1
4,5,4.08,60,40.47,19.53,0,0,0,0,0,1,0,1,0,0,1,0,2
4,6,4.1,59.99,40.46,19.53,0,0,0,0,0,0,0,0,0,0,0,0,1
4,7,4.12,59.98,40.45,19.53,0,0,0,0,0,0,0,0,0,0,0,0,2
4,8,4.13,59.98,40.46,19.52,0,0,0,0,0,0,0,0,0,0,0,0,1
4,9,4.15,59.97,40.54,19.43,0,0,0,0,0,0,0,0,0,0,0,0,1
4,10,4.17,60.08,40.55,19.53,0,0,0,0,0,0,0,0,0,0,0,0,1
4,11,4.18,60,40.46,19.53,0,0,0,0,0,1,1,1,0,1,0,0,1
4,12,4.2,60,40.47,19.52,0,0,0,0,0,0,0,0,0,0,0,0,1
4,13,4.22,59.97,40.45,19.52,0,0,0,0,0,0,0,0,0,0,0,0,1
4,14,4.23,59.97,40.44,19.52,0,0,0,0,0,0,0,0,0,0,0,0,1
4,15,4.25,59.97,40.55,19.42,0,0,0,0,0,0,0,0,0,0,0,0,1
4,16,4.27,59.97,40.54,19.42,0,0,0,0,0,0,0,0,0,0,0,0,1
4,17,4.28,60.01,40.57,19.43,0,0,0,0,0,0,0,0,0,0,0,0,1
4,18,4.3,59.97,40.55,19.42,0,0,0,0,0,0,0,0,0,0,0,0,1
4,19,4.32,60.08,40.54,19.53,0,0,0,0,0,0,0,0,0,0,0,0,1
4,20,4.33,59.97,40.45,19.52,0,0,0,0,0,0,0,0,0,0,0,0,1
4,21,4.35,59.97,40.55,19.43,0,0,0,0,0,1,2,2,0,2,0,0,1
4,22,4.37,60.07,40.55,19.52,0,0,0,0,0,0,0,0,0,0,0,0,1
4,23,4.38,59.95,40.43,19.52,0,0,0,0,0,1,2,2,0,2,0,0,1
4,24,4.4,59.97,40.54,19.43,0,0,0,0,0,0,0,0,0,0,0,0,1
4,25,4.42,60.08,40.56,19.52,0,0,0,0,0,0,0,0,0,0,0,0,1
4,26,4.43,59.98,40.45,19.53,0,0,0,0,0,0,0,0,0,0,0,0,1
4,27,4.45,59.96,40.44,19.52,0,0,0,0,0,1,1,2,1,1,2,0,2
4,28,4.47,59.99,40.47,19.53,0,0,0,0,0,0,0,0,0,0,0,0,1
4,29,4.48,60.09,40.55,19.54,0,0,0,0,0,0,0,0,0,0,0,0,1
4,30,4.5,59.98,40.46,19.52,0,0,0,0,0,0,0,0,0,0,0,0,1
4,31,4.52,59.99,40.47,19.52,1,1,0,0,1,1,0,0,1,0,1,0,2
4,32,4.53,59.98,40.45,19.53,0,0,0,0,0,0,0,0,0,0,0,0,1
4,33,4.55,59.98,40.55,19.44,0,0,0,0,0,0,0,0,0,0,0,0,1
4,34,4.57,59.98,40.46,19.52,0,0,0,0,0,0,0,0,0,0,0,0,1
4,35,4.58,59.97,40.54,19.43,0,0,0,0,0,0,0,0,0,0,0,0,1
4,36,4.6,60.01,40.57,19.44,0,0,0,0,0,0,0,0,0,0,0,0,1
4,37,4.62,60.06,40.54,19.53,0,0,0,0,0,0,0,0,0,0,0,0,1
4,38,4.63,59.97,40.45,19.53,0,0,0,0,0,1,1,2,0,1,1,0,2
4,39,4.65,59.97,40.55,19.42,0,0,0,0,0,0,0,0,0,0,0,0,1
4,40,4.67,60.01,40.57,19.43,0,0,0,0,0,0,0,0,0,0,0,0,1
4,41,4.68,60,40.47,19.53,0,0,0,0,0,0,0,0,0,0,0,0,1
4,42,4.7,59.98,40.55,19.43,0,0,0,0,0,1,1,2,0,1,1,0,2
4,43,4.72,59.98,40.55,19.43,0,0,0,0,0,0,0,0,0,0,0,0,1
4,44,4.73,60.09,40.56,19.54,0,0,0,0,0,1,1,1,0,1,0,0,1
4,45,4.75,59.98,40.44,19.54,0,0,0,0,0,1,0,0,1,0,1,0,2
4,46,4.77,59.97,40.45,19.52,0,0,0,0,0,0,0,0,0,0,0,0,1
4,47,4.78,59.97,40.56,19.41,0,0,0,0,0,0,0,0,0,0,0,0,1
4,48,4.8,60.06,40.55,19.51,0,0,0,0,0,0,0,0,0,0,0,0,1
4,49,4.82,59.99,40.46,19.53,0,0,0,0,0,1,2,2,0,2,0,0,1
4,50,4.83,59.98,40.45,19.53,0,0,0,0,0,0,0,0,0,0,0,0,1
4,51,4.85,59.96,40.54,19.42,0,0,0,0,0,0,0,0,0,0,0,0,1
4,52,4.87,60.07,40.54,19.52,0,0,0,0,0,1,1,1,0,1,0,0,1
4,53,4.88,59.96,40.45,19.52,0,0,0,0,0,0,0,0,0,0,0,0,1
4,54,4.9,60,40.46,19.54,0,0,0,0,0,1,0,0,1,0,1,0,2
4,55,4.92,59.98,40.45,19.52,0,0,0,0,0,1,9,9,1,9,1,0,2
4,56,4.93,59.97,40.44,19.53,0,0,0,0,0,0,0,0,0,0,0,0,1
4,57,4.95,59.99,40.56,19.43,0,0,0,0,0,0,0,0,0,0,0,0,1
4,58,4.97,60.1,40.57,19.53,0,0,0,0,0,0,0,0,0,0,0,0,1
4,59,4.98,59.99,40.46,19.53,1,1,0,0,1,0,0,0,0,0,0,0,2
5,0,5,59.98,40.45,19.52,1,0,1,0,1,0,0,0,0,0,0,0,1
5,1,5.02,60.06,40.54,19.52,0,0,0,0,0,0,0,0,0,0,0,0,1
5,2,5.03,59.98,40.45,19.52,0,0,0,0,0,0,0,0,0,0,0,0,1
5,3,5.05,60,40.48,19.52,0,0,0,0,0,1,0,0,1,0,1,0,2
5,4,5.07,59.98,40.54,19.43,0,0,0,0,0,0,0,0,0,0,0,0,1
5,5,5.08,60.05,40.54,19.51,0,0,0,0,0,1,0,0,1,0,1,0,2
5,6,5.1,59.97,40.45,19.52,0,0,0,0,0,0,0,0,0,0,0,0,1
5,7,5.12,59.96,40.54,19.43,0,0,0,0,0,0,0,0,0,0,0,0,1
5,8,5.13,60.08,40.55,19.53,0,0,0,0,0,0,0,0,0,0,0,0,1
5,9,5.15,59.99,40.45,19.54,0,0,0,0,0,0,0,0,0,0,0,0,1
5,10,5.17,59.98,40.55,19.43,0,0,0,0,0,0,0,0,0,0,0,0,2
5,11,5.18,60.07,40.55,19.52,1,0,1,0,1,1,0,0,1,0,1,0,2
5,12,5.2,59.97,40.45,19.52,0,0,0,0,0,0,0,0,0,0,0,0,1
5,13,5.22,59.98,40.55,19.43,0,0,0,0,0,1,2,2,0,2,0,0,1
5,14,5.23,60.11,40.57,19.54,0,0,0,0,0,1,1,1,0,1,0,0,1
5,15,5.25,59.97,40.45,19.52,0,0,0,0,0,0,0,0,0,0,0,0,1
5,16,5.27,60.07,40.55,19.52,0,0,0,0,0,0,0,0,0,0,0,0,1
5,17,5.28,60,40.47,19.53,0,0,0,0,0,0,0,0,0,0,0,0,1
5,18,5.3,60,40.48,19.52,0,0,0,0,0,1,0,0,1,0,1,0,2
5,19,5.32,59.96,40.53,19.43,0,0,0,0,0,0,0,0,0,0,0,0,1
5,20,5.33,60.08,40.57,19.51,0,0,0,0,0,0,0,0,0,0,0,0,1
5,21,5.35,59.96,40.54,19.42,0,0,0,0,0,1,2,2,0,2,0,0,1
5,22,5.37,60.07,40.55,19.52,0,0,0,0,0,0,0,0,0,0,0,0,1
5,23,5.38,59.97,40.45,19.52,0,0,0,0,0,1,1,2,0,1,1,0,2
5,24,5.4,60.08,40.56,19.52,0,0,0,0,0,0,0,0,0,0,0,0,1
5,25,5.42,60,40.47,19.53,0,0,0,0,0,0,0,0,0,0,0,0,1
5,26,5.43,59.99,40.46,19.54,0,0,0,0,0,0,0,0,0,0,0,0,2
5,27,5.45,59.97,40.45,19.52,0,0,0,0,0,0,0,0,0,0,0,0,1
5,28,5.47,59.97,40.46,19.52,0,0,0,0,0,0,0,0,0,0,0,0,1
5,29,5.48,60.08,40.55,19.53,0,0,0,0,0,0,0,0,0,0,0,0,1
5,30,5.5,59.98,40.46,19.52,0,0,0,0,0,0,0,0,0,0,0,0,1
5,31,5.52,59.96,40.43,19.52,0,0,0,0,0,0,0,0,0,0,0,0,1
5,32,5.53,60,40.56,19.45,0,0,0,0,0,0,0,0,0,0,0,0,1
5,35,5.58,25.33,5.81,19.52,0,0,0,0,0,1,0,1,0,0,1,0,2
5,36,5.6,60,40.48,19.52,0,0,0,0,0,0,0,0,0,0,0,0,1
5,37,5.62,59.98,40.45,19.53,0,0,0,0,0,0,0,0,0,0,0,0,1
5,38,5.63,59.97,40.45,19.52,0,0,0,0,0,0,0,0,0,0,0,0,1
5,39,5.65,59.96,40.43,19.52,0,0,0,0,0,0,0,0,0,0,0,0,1
5,40,5.67,59.99,40.46,19.53,0,0,0,0,0,0,0,0,0,0,0,0,1
5,41,5.68,59.98,40.46,19.52,0,0,0,0,0,0,0,0,0,0,0,0,1
5,42,5.7,59.9,40.46,19.44,0,0,0,0,0,1,1,1,0,1,0,0,1
5,43,5.72,59.99,40.55,19.44,0,0,0,0,0,0,0,0,0,0,0,0,1
5,44,5.73,59.99,40.45,19.54,0,0,0,0,0,0,0,0,0,0,0,0,1
5,45,5.75,59.97,40.45,19.53,0,0,0,0,0,0,0,0,0,0,0,0,1
5,46,5.77,59.96,40.45,19.52,0,0,0,0,0,1,0,0,1,0,1,0,2
5,47,5.78,59.98,40.45,19.53,1,0,1,0,1,1,0,0,1,0,0,0,1
5,48,5.8,59.97,40.45,19.52,0,0,0,0,0,1,0,0,0,1,0,0,1
5,49,5.82,59.89,40.47,19.42,0,0,0,0,0,0,0,0,0,0,0,0,1
5,50,5.83,59.99,40.56,19.42,0,0,0,0,0,0,0,0,0,0,0,0,1
5,51,5.85,59.98,40.56,19.42,0,0,0,0,0,0,0,0,0,0,0,0,1
5,52,5.87,60.08,40.56,19.51,0,0,0,0,0,0,0,0,0,0,0,0,1
5,53,5.88,60,40.46,19.55,0,0,0,0,0,0,0,0,0,0,0,0,1
5,54,5.9,59.97,40.44,19.52,0,0,0,0,0,0,0,0,0,0,0,0,1
5,55,5.92,59.97,40.54,19.43,0,0,0,0,0,1,0,0,1,0,1,0,2
5,56,5.93,60.07,40.56,19.52,0,0,0,0,0,0,0,0,0,0,0,0,1
5,57,5.95,59.98,40.44,19.54,1,0,1,0,1,1,0,0,1,0,1,0,2
5,58,5.97,60,40.47,19.53,0,0,0,0,0,0,0,0,0,0,0,0,1
5,59,5.98,59.98,40.45,19.53,0,0,0,0,0,1,1,1,0,1,0,0,1
6,0,6,60.09,40.56,19.53,0,0,0,0,0,0,0,0,0,0,0,0,1
6,1,6.02,60,40.56,19.44,0,0,0,0,0,1,0,0,1,0,1,0,2
6,2,6.03,60.07,40.55,19.52,0,0,0,0,0,0,0,0,0,0,0,0,1
6,3,6.05,60.07,40.54,19.52,0,0,0,0,0,1,3,3,0,3,0,0,1
6,4,6.07,59.97,40.44,19.53,0,0,0,0,0,0,0,0,0,0,0,0,1
6,5,6.08,59.97,40.46,19.51,0,0,0,0,0,0,0,0,0,0,0,0,1
6,6,6.1,60.09,40.55,19.54,0,0,0,0,0,0,0,0,0,0,0,0,1
6,7,6.12,59.99,40.46,19.53,0,0,0,0,0,0,0,0,0,0,0,0,2
6,8,6.13,59.96,40.44,19.52,0,0,0,0,0,0,0,0,0,0,0,0,1
6,9,6.15,59.96,40.54,19.42,0,0,0,0,0,0,0,0,0,0,0,0,1
6,10,6.17,60.01,40.58,19.43,0,0,0,0,0,0,0,0,0,0,0,0,1
6,11,6.18,60.06,40.54,19.52,1,0,1,0,1,1,1,2,1,1,2,0,1
6,12,6.2,59.98,40.45,19.52,0,0,0,0,0,0,0,0,0,0,0,0,1
6,13,6.22,59.99,40.46,19.52,1,1,1,0,2,0,0,0,0,0,0,0,2
6,14,6.23,59.97,40.54,19.43,1,0,3,0,3,1,0,0,3,0,3,0,1
6,15,6.25,60.09,40.54,19.55,0,0,0,0,0,0,0,0,0,0,0,0,1
6,16,6.27,59.97,40.45,19.52,1,1,0,1,0,1,0,1,0,1,0,0,2
6,17,6.28,59.97,40.54,19.43,0,0,0,0,0,0,0,0,0,0,0,0,1
6,18,6.3,60.07,40.55,19.53,0,0,0,0,0,0,0,0,0,0,0,0,1
6,19,6.32,59.98,40.47,19.52,0,0,0,0,0,0,0,0,0,0,0,0,1
6,20,6.33,59.98,40.44,19.53,0,0,0,0,0,0,0,0,0,0,0,0,1
6,21,6.35,59.97,40.44,19.53,0,0,0,0,0,0,0,0,0,0,0,0,1
6,22,6.37,60,40.47,19.53,0,0,0,0,0,0,0,0,0,0,0,0,1
6,23,6.38,59.98,40.46,19.52,0,0,0,0,0,1,0,1,0,0,1,0,2
6,24,6.4,60,40.46,19.54,0,0,0,0,0,1,1,2,0,1,1,0,2
6,25,6.42,60.01,40.46,19.55,0,0,0,0,0,0,0,0,0,0,0,0,1
6,26,6.43,59.96,40.45,19.51,0,0,0,0,0,0,0,0,0,0,0,0,1
6,27,6.45,59.97,40.45,19.52,0,0,0,0,0,0,0,0,0,0,0,0,1
6,28,6.47,59.96,40.54,19.42,0,0,0,0,0,0,0,0,0,0,0,0,1
6,29,6.48,60.01,40.57,19.44,0,0,0,0,0,1,0,0,1,0,1,0,2
6,30,6.5,60.07,40.54,19.52,0,0,0,0,0,0,0,0,0,0,0,0,1
6,31,6.52,60,40.46,19.55,0,0,0,0,0,0,0,0,0,0,0,0,1
6,32,6.53,59.97,40.45,19.53,0,0,0,0,0,0,0,0,0,0,0,0,1
6,33,6.55,59.97,40.55,19.42,0,0,0,0,0,1,1,1,0,1,0,0,1
6,34,6.57,59.97,40.55,19.43,0,0,0,0,0,1,0,0,1,0,1,0,2
6,35,6.58,60.07,40.55,19.52,1,1,0,0,1,0,0,0,0,0,0,0,1
6,36,6.6,59.89,40.47,19.42,0,0,0,0,0,1,1,1,0,1,0,0,2
6,37,6.62,59.99,40.55,19.44,1,0,1,0,1,1,0,0,1,0,1,0,1
6,38,6.63,60.08,40.55,19.53,0,0,0,0,0,0,0,0,0,0,0,0,1
6,39,6.65,59.9,40.45,19.45,0,0,0,0,0,1,0,1,0,0,1,0,2
6,40,6.67,60.07,40.54,19.52,0,0,0,0,0,1,1,1,0,1,0,0,1
6,41,6.68,59.99,40.45,19.54,0,0,0,0,0,1,1,1,0,1,0,0,1
6,42,6.7,59.97,40.44,19.53,1,0,1,0,1,0,0,0,0,0,0,0,1
6,43,6.72,59.99,40.47,19.52,1,0,2,0,2,1,0,1,0,0,1,0,2
6,44,6.73,59.98,40.55,19.43,0,0,0,0,0,0,0,0,0,0,0,0,1
6,45,6.75,60.06,40.54,19.52,0,0,0,0,0,0,0,0,0,0,0,0,1
6,46,6.77,59.98,40.45,19.53,0,0,0,0,0,1,1,1,0,1,0,0,1
6,47,6.78,59.96,40.44,19.52,1,0,1,0,1,0,0,0,0,0,0,0,1
6,48,6.8,59.98,40.46,19.52,0,0,0,0,0,0,0,0,0,0,0,0,1
6,49,6.82,59.98,40.46,19.51,1,1,1,0,2,0,0,0,0,0,0,0,2
6,50,6.83,59.96,40.54,19.42,0,0,0,0,0,0,0,0,0,0,0,0,1
6,51,6.85,59.99,40.57,19.43,1,1,0,0,1,0,0,0,0,0,0,0,2
6,52,6.87,60.07,40.55,19.52,0,0,0,0,0,1,0,0,2,0,2,0,2
6,53,6.88,59.99,40.47,19.53,0,0,0,0,0,1,2,2,0,2,0,0,1
6,54,6.9,59.97,40.44,19.53,0,0,0,0,0,0,0,0,0,0,0,0,1
6,55,6.92,59.96,40.44,19.53,0,0,0,0,0,1,0,1,0,0,1,0,2
6,56,6.93,60,40.56,19.44,0,0,0,0,0,0,0,0,0,0,0,0,1
6,57,6.95,60.05,40.53,19.52,0,0,0,0,0,1,1,1,0,1,0,0,1
6,58,6.97,59.97,40.44,19.53,0,0,0,0,0,0,0,0,0,0,0,0,1
6,59,6.98,59.99,40.56,19.43,0,0,0,0,0,1,1,1,0,1,0,0,1
7,0,7,59.08,39.55,19.53,0,0,0,0,0,1,0,0,1,0,1,0,2
7,1,7.02,59.97,40.45,19.52,0,0,0,0,0,1,3,3,0,3,0,0,1
7,2,7.03,60.07,40.55,19.52,0,0,0,0,0,0,0,0,0,0,0,0,1
7,3,7.05,59.98,40.55,19.43,0,0,0,0,0,1,0,1,0,0,1,0,2
7,4,7.07,60.09,40.56,19.53,0,0,0,0,0,1,1,1,0,1,0,0,1
7,5,7.08,60.06,40.53,19.53,0,0,0,0,0,0,0,0,0,0,0,0,1
7,6,7.1,60.01,40.49,19.53,0,0,0,0,0,1,0,1,0,0,1,0,2
7,7,7.12,59.97,40.55,19.43,0,0,0,0,0,1,0,1,1,0,2,0,2
7,8,7.13,60.08,40.56,19.52,1,0,1,0,1,0,0,0,0,0,0,0,1
7,9,7.15,59.99,40.44,19.54,0,0,0,0,0,0,0,0,0,0,0,0,1
7,10,7.17,60.07,40.55,19.52,0,0,0,0,0,1,1,2,0,1,1,0,2
7,11,7.18,59.97,40.46,19.51,0,0,0,0,0,0,0,0,0,0,0,0,1
7,12,7.2,59.97,40.54,19.42,0,0,0,0,0,1,0,0,1,0,1,0,2
7,13,7.22,60.07,40.55,19.52,0,0,0,0,0,0,0,0,0,0,0,0,1
7,14,7.23,60,40.47,19.53,1,0,1,0,1,0,0,0,0,0,0,0,1
7,15,7.25,59.99,40.47,19.52,0,0,0,0,0,0,0,0,0,0,0,0,1
7,16,7.27,60.07,40.54,19.53,0,0,0,0,0,1,0,1,0,0,1,0,2
7,17,7.28,59.98,40.55,19.43,0,0,0,0,0,0,0,0,0,0,0,0,1
7,18,7.3,60.08,40.55,19.53,0,0,0,0,0,0,0,0,0,0,0,0,1
7,19,7.32,60.06,40.55,19.51,0,0,0,0,0,0,0,0,0,0,0,0,1
7,20,7.33,59.97,40.55,19.42,0,0,0,0,0,1,1,1,0,1,0,1,2
7,21,7.35,60.08,40.55,19.53,1,1,1,0,2,0,0,0,0,0,0,0,2
7,22,7.37,59.99,40.55,19.44,0,0,0,0,0,0,0,0,0,0,0,0,1
7,23,7.38,60.07,40.55,19.51,0,0,0,0,0,0,0,0,0,0,0,0,1
7,24,7.4,59.99,40.57,19.43,0,0,0,0,0,0,0,0,0,0,0,0,1
7,25,7.42,60.09,40.56,19.53,1,0,1,0,1,1,9,10,5,9,6,0,2
7,26,7.43,59.98,40.55,19.44,0,0,0,0,0,0,0,0,0,0,0,0,1
7,27,7.45,60.07,40.55,19.52,0,0,0,0,0,0,0,0,0,0,0,0,1
7,28,7.47,59.98,40.44,19.53,0,0,0,0,0,0,0,0,0,0,0,0,1
7,29,7.48,60,40.46,19.54,0,0,0,0,0,0,0,0,0,0,0,0,1
7,30,7.5,59.97,40.45,19.52,0,0,0,0,0,0,0,0,0,0,0,0,1
7,31,7.52,59.97,40.45,19.52,0,0,0,0,0,0,0,0,0,0,0,0,1
7,32,7.53,59.97,40.44,19.52,0,0,0,0,0,1,1,1,0,1,0,0,1
7,33,7.55,59.99,40.47,19.52,0,0,0,0,0,0,0,0,0,0,0,0,1
7,34,7.57,59.99,40.46,19.53,1,1,0,0,1,0,0,0,0,0,0,0,2
7,35,7.58,59.98,40.44,19.54,0,0,0,0,0,1,0,1,0,0,1,0,2
7,36,7.6,59.97,40.44,19.52,1,0,3,0,3,1,0,0,2,0,2,0,1
7,37,7.62,59.98,40.44,19.54,0,0,0,0,0,1,0,0,1,0,1,0,2
7,38,7.63,59.97,40.44,19.53,0,0,0,0,0,0,0,0,0,0,0,0,1
7,39,7.65,59.99,40.46,19.52,0,0,0,0,0,0,0,0,0,0,0,0,1
7,40,7.67,59.98,40.56,19.42,0,0,0,0,0,0,0,0,0,0,0,0,1
7,41,7.68,59.99,40.55,19.44,0,0,0,0,0,0,0,0,0,0,0,0,1
7,42,7.7,60.06,40.54,19.52,1,0,1,0,1,0,0,0,0,0,0,0,1
7,43,7.72,59.99,40.46,19.54,0,0,0,0,0,1,0,0,1,0,1,0,2
7,44,7.73,59.97,40.45,19.53,0,0,0,0,0,1,0,1,1,0,2,0,2
7,45,7.75,59.99,40.55,19.44,1,1,0,0,1,0,0,0,0,0,0,0,2
7,46,7.77,60.08,40.56,19.52,0,0,0,0,0,1,0,0,1,0,1,0,2
7,53,7.88,60,40.47,19.53,0,0,0,0,0,1,0,0,2,0,2,1,2
7,54,7.9,59.97,40.55,19.42,1,0,1,0,1,0,0,0,0,0,0,0,1
7,55,7.92,60.06,40.54,19.52,0,0,0,0,0,0,0,0,0,0,0,0,2
7,56,7.93,60,40.47,19.53,1,1,0,0,1,1,0,0,1,0,1,0,2
7,57,7.95,59.99,40.46,19.53,1,1,0,0,1,0,0,0,0,0,0,0,2
7,58,7.97,59.99,40.46,19.53,0,0,0,0,0,0,0,0,0,0,0,0,1
7,59,7.98,60,40.46,19.54,0,0,0,0,0,1,0,1,0,0,1,0,2
8,0,8,59.97,40.45,19.52,0,0,0,0,0,1,3,3,0,3,0,0,1
8,1,8.02,59.98,40.46,19.53,1,0,1,0,1,1,0,1,0,0,1,0,2
8,2,8.03,59.97,40.55,19.42,0,0,0,0,0,1,0,1,0,0,1,0,2
8,3,8.05,60.07,40.56,19.51,0,0,0,0,0,1,0,1,0,0,1,0,2
8,4,8.07,59.99,40.47,19.52,0,0,0,0,0,1,1,1,0,1,0,0,2
8,5,8.08,59.98,40.45,19.52,0,0,0,0,0,1,0,0,1,0,1,0,2
8,6,8.1,59.99,40.55,19.44,0,0,0,0,0,0,0,0,0,0,0,0,1
8,7,8.12,59.99,40.56,19.43,0,0,0,0,0,1,1,1,0,1,0,0,1
8,8,8.13,60.02,40.5,19.52,0,0,0,0,0,1,0,1,1,0,1,0,2
8,9,8.15,59.99,40.47,19.52,0,0,0,0,0,1,0,1,0,2,0,0,2
8,10,8.17,60.06,40.54,19.53,0,0,0,0,0,1,2,3,0,2,1,0,2
8,11,8.18,59.97,40.45,19.52,1,1,0,0,1,0,0,0,0,0,0,0,2
8,15,8.25,59.98,40.46,19.52,0,0,0,0,0,0,0,0,0,0,0,0,2
8,16,8.27,59.97,40.45,19.53,0,0,0,0,0,0,0,0,0,0,0,0,2
8,17,8.28,59.96,40.54,19.43,0,0,0,0,0,0,0,0,0,0,0,1,2
8,33,8.55,60.05,40.52,19.52,0,0,0,0,0,0,0,0,0,0,0,0,1
8,34,8.57,59.98,40.44,19.53,0,0,0,0,0,0,0,0,0,0,0,0,2
8,35,8.58,59.99,40.47,19.53,0,0,0,0,0,0,0,0,0,0,0,0,1
8,36,8.6,59.99,40.45,19.53,0,0,0,0,0,0,0,0,0,0,0,0,1
8,37,8.62,59.99,40.46,19.53,0,0,0,0,0,0,0,0,0,0,0,0,2
8,40,8.67,59.98,40.54,19.44,1,1,0,0,1,1,0,0,2,0,2,0,2
8,41,8.68,60.09,40.56,19.52,0,0,0,0,0,1,8,8,5,8,5,0,2
8,42,8.7,59.99,40.45,19.54,0,0,0,0,0,1,1,1,0,1,0,0,2
8,43,8.72,59.99,40.46,19.53,1,0,1,0,1,0,0,0,0,0,0,0,2
8,44,8.73,60.03,40.46,19.56,0,0,0,0,0,1,1,1,2,1,2,0,2
8,45,8.75,60.03,40.5,19.53,0,0,0,0,0,1,1,2,0,1,1,0,2
8,46,8.77,59.92,40.39,19.52,1,0,1,0,1,0,0,0,0,0,0,0,1
8,47,8.78,60.02,40.56,19.46,0,0,0,0,0,0,0,0,0,0,0,0,1
8,48,8.8,59.98,40.46,19.52,0,0,0,0,0,1,1,1,0,1,0,0,1
8,49,8.82,59.98,40.54,19.44,0,0,0,0,0,0,0,0,0,0,0,0,1
8,50,8.83,60.08,40.55,19.53,0,0,0,0,0,0,0,0,0,0,0,0,1
8,51,8.85,59.98,40.45,19.53,0,0,0,0,0,0,0,0,0,0,0,0,1
8,52,8.87,59.99,40.55,19.44,0,0,0,0,0,1,0,1,1,0,2,0,2
8,53,8.88,60.09,40.55,19.54,0,0,0,0,0,1,0,1,0,0,1,0,2
8,54,8.9,59.98,40.46,19.53,0,0,0,0,0,1,2,2,0,2,0,0,1
8,55,8.92,60.01,40.48,19.53,1,0,1,0,1,0,0,0,0,0,0,0,1
8,56,8.93,60.1,40.57,19.53,0,0,0,0,0,1,0,0,2,0,2,0,2
8,57,8.95,60.01,40.49,19.52,1,0,1,0,1,0,0,0,0,0,0,0,1
8,58,8.97,60,40.45,19.55,0,0,0,0,0,1,1,1,0,1,0,0,1
8,59,8.98,60.03,40.47,19.56,0,0,0,0,0,1,2,2,0,2,0,0,1
9,0,9,59.98,40.45,19.54,1,1,0,0,1,1,0,1,0,0,1,0,2
9,1,9.02,59.97,40.45,19.52,0,0,0,0,0,0,0,0,0,0,0,0,1
9,2,9.03,60.07,40.54,19.53,0,0,0,0,0,0,0,0,0,0,0,0,1
9,3,9.05,59.98,40.46,19.52,0,0,0,0,0,0,0,0,0,0,0,0,1
9,4,9.07,59.99,40.55,19.44,1,1,1,0,2,1,0,1,0,0,1,0,2
9,5,9.08,59.99,40.55,19.44,0,0,0,0,0,1,0,0,1,0,1,0,2
9,6,9.1,60.02,40.49,19.52,0,0,0,0,0,1,0,1,0,0,1,0,2
9,7,9.12,60,40.48,19.53,1,1,0,0,1,1,0,0,1,0,1,0,2
9,8,9.13,59.99,40.48,19.52,0,0,0,0,0,1,1,1,0,1,0,0,1
9,9,9.15,60,40.48,19.52,1,1,0,0,1,1,1,1,0,1,0,0,2
9,10,9.17,59.99,40.45,19.54,1,0,1,0,1,1,0,1,2,0,3,0,2
9,11,9.18,59.99,40.46,19.52,1,1,1,0,2,1,1,1,0,1,0,0,2
9,12,9.2,60,40.47,19.53,1,0,1,0,1,1,0,0,1,0,1,0,2
9,13,9.22,59.99,40.46,19.53,0,0,0,0,0,1,0,1,0,0,1,0,2
9,14,9.23,59.99,40.45,19.54,0,0,0,0,0,1,0,1,1,0,2,0,2
9,15,9.25,59.99,40.46,19.53,1,1,0,0,1,1,1,1,0,1,0,0,2
9,16,9.27,60.08,40.54,19.53,0,0,0,0,0,0,0,0,0,0,0,0,1
9,17,9.28,60,40.46,19.53,0,0,0,0,0,1,1,1,0,1,0,0,1
9,18,9.3,59.98,40.47,19.52,1,1,0,0,1,1,2,3,0,2,1,0,2
9,19,9.32,60,40.48,19.52,1,1,0,0,1,1,0,1,0,0,1,0,2
9,20,9.33,60.08,40.56,19.52,0,0,0,0,0,0,0,0,0,0,0,0,1
9,21,9.35,59.99,40.45,19.53,0,0,0,0,0,1,0,1,1,0,2,0,2
9,22,9.37,59.97,40.45,19.52,0,0,0,0,0,1,0,0,1,0,1,0,2
9,23,9.38,59.98,40.55,19.43,0,0,0,0,0,1,0,1,0,0,1,0,2
9,24,9.4,60.06,40.55,19.51,1,1,0,0,1,1,1,2,0,1,1,0,2
9,25,9.42,59.98,40.45,19.53,0,0,0,0,0,1,0,1,0,0,1,0,2
9,26,9.43,59.93,40.49,19.44,0,0,0,0,0,1,1,1,0,1,0,0,2
9,27,9.45,59.99,40.56,19.43,0,0,0,0,0,1,0,0,1,0,1,0,1
9,28,9.47,60.09,40.55,19.54,0,0,0,0,0,1,2,2,0,2,0,0,2
9,29,9.48,59.92,40.47,19.45,0,0,0,0,0,1,1,2,1,1,2,1,2
9,30,9.5,60.08,40.57,19.51,0,0,0,0,0,1,1,1,0,1,0,0,1
9,31,9.52,60,40.47,19.53,0,0,0,0,0,1,0,1,1,0,1,0,2
9,32,9.53,59.99,40.49,19.5,0,0,0,0,0,1,0,0,0,1,0,0,1
9,33,9.55,60.02,40.48,19.53,1,0,1,0,1,1,0,1,1,0,2,0,2
9,34,9.57,60.01,40.57,19.44,0,0,0,0,0,1,0,0,1,0,1,0,2
9,35,9.58,60.03,40.58,19.45,0,0,0,0,0,0,0,0,0,0,0,0,1
9,36,9.6,60.02,40.6,19.43,0,0,0,0,0,1,0,1,0,0,1,0,2
9,37,9.62,60.09,40.57,19.53,0,0,0,0,0,0,0,0,0,0,0,0,1
9,38,9.63,59.99,40.47,19.52,0,0,0,0,0,1,0,0,1,0,1,0,2
9,39,9.65,60.1,40.57,19.53,0,0,0,0,0,1,0,1,0,0,1,0,2
9,40,9.67,59.98,40.55,19.43,1,0,1,0,1,0,0,0,0,0,0,0,1
9,41,9.68,60.1,40.56,19.54,0,0,0,0,0,1,1,1,1,1,1,0,2
9,42,9.7,60.01,40.48,19.53,0,0,0,0,0,1,0,0,4,0,4,0,2
9,43,9.72,60,40.57,19.43,1,0,1,0,1,1,0,1,1,0,2,1,3
9,44,9.73,60.11,40.56,19.55,0,0,0,0,0,1,2,3,0,2,1,0,2
9,45,9.75,60.04,40.5,19.54,1,1,0,0,1,0,0,0,0,0,0,1,1
9,46,9.77,59.99,40.47,19.52,1,0,1,0,1,1,0,0,2,0,1,0,1
9,47,9.78,60,40.46,19.54,1,1,0,0,1,1,1,1,0,1,1,0,2
9,48,9.8,59.99,40.46,19.53,0,0,0,0,0,1,0,1,0,0,1,0,2
9,49,9.82,59.99,40.46,19.53,0,0,0,0,0,1,0,1,0,0,1,0,2
9,50,9.83,59.99,40.46,19.53,1,1,0,0,1,1,0,1,0,0,1,0,2
9,51,9.85,59.99,40.45,19.54,1,1,0,0,1,1,0,0,1,0,1,0,2
9,52,9.87,60,40.47,19.53,1,1,1,0,2,1,0,0,2,0,2,0,2
9,53,9.88,59.98,40.46,19.52,1,1,1,0,2,1,1,2,1,1,2,0,3
9,54,9.9,60,40.47,19.53,0,0,0,0,0,1,0,0,1,0,1,0,2
9,55,9.92,59.96,40.45,19.52,0,0,0,0,0,1,1,1,2,1,2,0,1
9,56,9.93,60.02,40.47,19.55,1,0,1,0,1,1,1,1,0,1,0,0,1
9,57,9.95,59.97,40.45,19.52,0,0,0,0,0,1,1,1,2,1,2,0,2
9,58,9.97,60,40.46,19.54,1,1,0,0,1,1,0,0,1,0,0,0,2
9,59,9.98,59.9,40.46,19.44,0,0,0,0,0,1,0,1,0,1,1,0,2
10,0,10,61.09,41.56,19.53,0,0,0,0,0,0,0,0,0,0,0,0,1
10,1,10.02,59.99,40.46,19.53,1,0,1,0,1,1,2,3,0,2,1,0,2
10,2,10.03,60.01,40.48,19.53,1,1,0,0,0,1,0,0,2,0,1,0,2
10,3,10.05,60,40.47,19.54,1,0,0,0,1,1,4,3,0,4,0,0,2
10,8,10.13,22.53,3.01,19.52,0,0,0,0,0,1,0,0,0,1,0,0,2
10,9,10.15,59.99,40.56,19.42,1,0,1,0,0,0,0,0,0,0,0,0,1
10,13,10.22,60.07,40.54,19.52,1,1,1,0,2,1,1,2,1,1,2,0,2
10,14,10.23,60.01,40.47,19.55,0,0,0,0,0,1,0,1,1,0,2,0,2
10,15,10.25,59.98,40.46,19.52,0,0,0,0,0,1,1,1,0,1,0,0,1
10,16,10.27,59.99,40.46,19.53,1,1,0,0,1,1,0,1,0,0,1,0,2
10,17,10.28,59.97,40.56,19.42,0,0,0,0,0,1,0,0,1,0,0,0,1
10,18,10.3,60.09,40.55,19.53,0,0,0,0,0,1,3,3,0,4,0,0,1
10,19,10.32,59.97,40.44,19.53,0,0,0,0,0,1,0,1,1,0,2,0,2
10,20,10.33,59.97,40.55,19.42,1,1,0,0,1,1,0,1,0,0,1,0,2
10,21,10.35,60.07,40.54,19.53,0,0,0,0,0,1,0,0,1,0,0,0,1
10,22,10.37,59.99,40.47,19.52,0,0,0,0,0,1,3,4,2,4,3,0,2
10,23,10.38,59.99,40.47,19.52,1,1,0,0,1,1,0,1,1,0,2,0,2
10,24,10.4,60.01,40.48,19.53,0,0,0,0,0,0,0,0,0,0,0,0,1
10,25,10.42,59.99,40.56,19.42,0,0,0,0,0,0,0,0,0,0,0,0,1
10,26,10.43,60.06,40.53,19.53,1,0,2,0,1,0,0,0,0,0,0,0,1
10,27,10.45,60,40.46,19.54,1,0,0,0,1,1,1,1,1,1,1,1,2
10,28,10.47,59.97,40.45,19.52,1,1,0,0,1,1,0,1,1,0,1,0,3
10,29,10.48,59.99,40.45,19.54,1,1,0,0,1,1,0,0,0,1,0,0,2
10,30,10.5,59.99,40.46,19.53,1,1,0,0,1,1,2,2,0,2,0,1,2
10,31,10.52,59.98,40.45,19.53,1,0,2,0,2,1,0,1,0,0,1,0,2
10,32,10.53,59.98,40.45,19.53,0,0,0,0,0,1,0,0,1,0,1,0,2
10,33,10.55,59.98,40.56,19.42,1,1,2,0,3,1,0,1,1,0,2,0,3
10,34,10.57,60.09,40.57,19.52,1,1,0,0,1,0,0,0,0,0,0,0,2
10,35,10.58,59.98,40.46,19.53,0,0,0,0,0,1,5,6,2,5,3,1,2
10,36,10.6,59.99,40.46,19.52,1,1,2,0,2,1,1,1,2,1,2,0,2
10,37,10.62,59.98,40.46,19.52,1,0,0,1,0,1,0,1,0,0,1,0,2
10,38,10.63,60.01,40.48,19.53,1,1,0,0,1,1,1,2,0,1,1,0,2
10,39,10.65,59.97,40.45,19.52,1,1,1,0,1,1,0,1,0,0,1,1,2
10,40,10.67,60.01,40.47,19.54,1,0,0,1,0,1,0,1,1,0,2,0,2
10,41,10.68,59.98,40.46,19.53,1,1,0,0,1,1,0,1,1,1,1,0,2
10,42,10.7,59.99,40.47,19.52,1,0,1,0,1,1,0,0,1,0,1,0,2
10,43,10.72,59.99,40.45,19.54,1,0,4,0,3,1,0,1,2,0,3,0,2
10,44,10.73,60,40.47,19.53,1,1,0,1,1,1,0,0,1,0,1,0,2
10,45,10.75,59.98,40.46,19.52,1,0,1,0,1,1,0,1,0,0,1,0,2
10,46,10.77,59.98,40.54,19.44,0,0,0,0,0,1,0,1,3,0,3,0,2
10,47,10.78,60.01,40.48,19.53,0,0,0,0,0,1,0,1,1,1,2,0,2
10,54,10.9,59.98,40.45,19.53,1,1,0,0,1,1,1,2,1,2,2,0,2
10,55,10.92,60,40.46,19.54,1,0,1,0,1,1,0,1,0,0,1,0,2
10,56,10.93,60,40.47,19.53,1,1,1,0,2,1,0,1,3,0,3,0,3
10,57,10.95,60,40.48,19.52,1,1,1,0,2,1,20,20,2,21,2,0,2
10,58,10.97,59.99,40.46,19.53,1,1,0,0,1,1,0,0,1,0,1,0,2
10,59,10.98,59.98,40.45,19.53,1,0,2,0,2,0,0,0,0,0,0,0,1
11,0,11,59.99,40.55,19.43,1,1,0,0,1,1,1,2,0,1,1,0,2
11,1,11.02,60,40.57,19.43,1,1,0,0,1,1,0,0,2,0,2,0,2
11,2,11.03,60.09,40.55,19.54,0,0,0,0,0,1,1,1,1,1,1,0,2
11,3,11.05,59.98,40.45,19.53,1,1,1,0,2,1,1,2,1,1,1,0,2
11,4,11.07,60,40.57,19.42,0,0,0,0,0,1,0,2,0,2,1,0,2
11,5,11.08,60.07,40.55,19.52,1,1,0,0,1,0,0,0,0,0,0,0,2
11,6,11.1,59.98,40.55,19.43,0,0,0,0,0,1,0,1,1,0,2,0,3
11,7,11.12,60.01,40.56,19.44,1,0,1,0,0,1,0,1,3,0,3,0,2
11,8,11.13,60.09,40.56,19.53,1,1,0,1,1,1,0,1,0,1,1,1,2
11,9,11.15,59.98,40.45,19.53,0,0,0,0,0,1,0,1,0,0,1,0,2
11,10,11.17,59.98,40.45,19.53,0,0,0,0,0,1,2,3,0,2,1,1,2
11,11,11.18,60.09,40.56,19.53,1,1,0,0,1,1,2,2,1,2,1,0,2
11,12,11.2,59.97,40.45,19.52,1,0,1,0,1,1,0,0,5,0,4,0,2
11,13,11.22,59.98,40.56,19.42,1,1,1,0,2,1,1,3,0,3,1,0,2
11,14,11.23,60.1,40.55,19.55,1,1,0,0,1,1,7,7,0,7,0,0,1
11,19,11.32,59.99,40.46,19.52,1,0,1,0,1,1,2,3,2,2,2,0,3
11,20,11.33,59.99,40.45,19.54,1,0,2,0,2,1,0,1,3,1,4,1,2
11,21,11.35,59.99,40.45,19.54,0,0,0,0,0,1,0,1,1,0,2,0,3
11,22,11.37,59.98,40.45,19.53,0,0,0,0,0,1,0,0,2,0,2,0,2
11,23,11.38,59.97,40.56,19.42,0,0,0,0,0,1,0,1,0,0,1,0,2
11,24,11.4,60.07,40.55,19.52,0,0,0,0,0,1,0,1,3,0,4,0,2
11,25,11.42,59.99,40.46,19.53,0,0,0,0,0,1,0,1,0,0,1,0,2
11,26,11.43,59.98,40.45,19.53,1,1,0,0,1,1,0,1,1,0,2,0,2
11,27,11.45,60,40.57,19.43,0,0,0,0,0,1,0,1,0,0,1,0,2
11,28,11.47,60,40.57,19.43,0,0,0,0,0,1,1,1,1,1,0,0,2
11,29,11.48,60,40.57,19.43,1,0,1,0,0,1,0,0,1,1,1,0,2
11,30,11.5,60.07,40.54,19.53,1,0,0,0,1,1,0,1,0,0,1,0,2
11,31,11.52,59.99,40.46,19.54,1,1,0,0,1,1,0,1,0,0,0,0,3
11,32,11.53,59.98,40.45,19.52,0,0,0,0,0,1,1,0,0,1,0,0,1
11,33,11.55,59.96,40.54,19.42,1,1,0,0,1,1,0,1,2,0,3,0,2
11,34,11.57,60.07,40.54,19.53,1,1,0,0,1,1,0,0,2,0,2,0,2
11,35,11.58,59.97,40.45,19.52,1,1,0,0,1,1,1,1,0,1,0,0,1
11,36,11.6,59.98,40.45,19.53,1,1,2,0,2,1,1,1,1,1,1,0,2
11,37,11.62,60.01,40.47,19.53,1,1,1,1,2,1,2,2,1,2,1,0,2
11,38,11.63,59.98,40.46,19.52,0,0,0,0,0,1,0,1,0,0,1,0,2
11,39,11.65,60.07,40.55,19.52,1,0,1,0,1,1,0,1,0,0,1,0,2
11,40,11.67,59.96,40.44,19.52,1,1,0,0,1,1,0,1,1,0,2,0,2
11,41,11.68,59.99,40.57,19.42,0,0,0,0,0,1,2,2,0,2,0,0,1
11,42,11.7,59.98,40.56,19.42,1,1,1,0,1,1,0,1,1,0,2,0,2
11,43,11.72,60.01,40.57,19.44,1,1,0,1,1,1,0,1,0,0,1,0,2
11,44,11.73,60,40.55,19.45,0,0,0,0,0,1,0,0,1,0,1,0,1
11,45,11.75,59.99,40.47,19.53,1,1,1,0,2,1,1,1,0,1,0,0,2
11,46,11.77,60,40.46,19.55,1,1,1,0,2,1,1,1,0,1,0,0,2
11,47,11.78,60,40.46,19.54,1,1,1,0,1,1,2,2,1,2,1,0,2
11,48,11.8,59.99,40.46,19.53,1,0,0,1,0,1,1,1,2,1,2,0,2
11,49,11.82,59.99,40.46,19.52,0,0,0,0,0,1,0,1,0,0,1,0,2
11,50,11.83,59.98,40.55,19.43,1,1,0,0,1,1,2,2,1,2,1,0,2
11,51,11.85,59.99,40.56,19.43,1,1,0,0,1,1,1,2,1,1,2,0,2
11,52,11.87,60.07,40.54,19.53,1,1,0,0,1,1,0,1,1,0,2,0,2
11,53,11.88,59.98,40.46,19.52,0,0,0,0,0,1,0,0,4,0,3,1,2
11,54,11.9,59.99,40.46,19.53,0,0,0,0,0,1,0,1,0,1,0,0,2
11,55,11.92,59.97,40.45,19.52,1,1,0,0,1,1,0,1,0,1,1,0,2
11,56,11.93,59.98,40.56,19.43,1,1,0,0,1,1,0,1,1,0,2,0,3
11,57,11.95,59.99,40.56,19.43,1,0,1,0,1,1,0,1,1,0,2,0,2
11,58,11.97,59.99,40.56,19.43,0,0,0,0,0,1,2,2,0,2,0,0,2
11,59,11.98,60.09,40.54,19.55,1,1,0,0,1,1,1,1,0,1,0,0,2
12,0,12,59.98,40.45,19.54,0,0,0,0,0,1,1,2,0,1,1,0,2
12,1,12.02,59.99,40.46,19.53,1,1,0,0,1,1,0,1,0,0,1,0,3
12,2,12.03,59.99,40.46,19.53,0,0,0,0,0,0,0,0,0,0,0,0,1
12,3,12.05,59.99,40.45,19.53,0,0,0,0,0,1,0,0,1,0,1,0,2
12,4,12.07,59.98,40.45,19.53,1,0,2,0,2,1,0,1,1,0,2,0,2
12,5,12.08,60,40.47,19.53,1,1,0,0,1,0,0,0,0,0,0,0,2
12,6,12.1,59.99,40.47,19.52,0,0,0,0,0,1,2,2,1,2,1,0,2
12,7,12.12,60.01,40.46,19.55,0,0,0,0,0,1,0,0,1,0,1,0,2
12,8,12.13,59.99,40.47,19.52,0,0,0,0,0,1,0,1,0,0,1,0,2
12,9,12.15,59.99,40.46,19.53,1,1,1,0,2,1,1,2,0,1,1,0,2
12,10,12.17,59.98,40.56,19.42,0,0,0,0,0,1,0,1,1,0,2,0,2
12,11,12.18,60,40.47,19.53,0,0,0,0,0,1,2,3,3,2,3,0,2
12,12,12.2,59.98,40.55,19.43,1,0,1,0,0,1,0,0,1,0,2,0,2
12,13,12.22,59.98,40.45,19.53,1,0,0,1,0,1,1,2,0,1,1,0,2
12,14,12.23,59.99,40.46,19.53,1,1,0,0,1,1,0,1,0,0,1,0,2
12,15,12.25,59.99,40.45,19.54,0,0,0,0,0,1,0,0,1,0,0,0,1
12,16,12.27,59.97,40.55,19.43,1,0,1,0,1,1,0,1,2,1,2,0,2
12,17,12.28,60.07,40.56,19.52,0,0,0,0,0,1,6,5,1,6,1,0,2
12,18,12.3,59.99,40.45,19.54,1,1,0,0,1,1,2,2,0,2,0,0,1
12,19,12.32,59.99,40.55,19.44,0,0,0,0,0,1,0,1,0,0,1,0,2
12,20,12.33,59.96,40.54,19.43,0,0,0,0,0,1,1,2,1,1,2,0,2
12,21,12.35,60.07,40.56,19.52,1,1,1,0,2,1,3,3,2,3,2,0,2
12,22,12.37,59.98,40.45,19.53,0,0,0,0,0,1,0,0,3,0,3,0,2
12,23,12.38,59.98,40.45,19.53,1,1,1,0,2,1,0,0,1,0,1,0,2
12,24,12.4,59.99,40.57,19.42,1,1,0,0,1,1,1,1,0,1,0,0,2
12,25,12.42,60.09,40.56,19.53,1,1,0,0,1,1,1,1,0,1,0,0,2
12,26,12.43,60,40.46,19.54,0,0,0,0,0,1,0,1,2,0,2,0,3
12,27,12.45,59.98,40.45,19.53,1,1,1,0,2,1,0,1,0,2,0,0,2
12,28,12.47,59.99,40.46,19.53,1,1,1,1,1,1,1,2,0,1,1,0,2
12,29,12.48,60.01,40.57,19.43,1,1,2,0,3,1,0,1,0,0,1,0,2
12,30,12.5,60.07,40.55,19.52,1,0,2,0,2,1,2,2,2,2,2,1,1
12,31,12.52,59.97,40.45,19.52,1,1,1,0,2,1,0,1,0,0,1,0,2
12,32,12.53,59.99,40.57,19.43,1,1,0,0,1,1,3,3,2,3,1,0,2
12,33,12.55,60.02,40.57,19.45,1,1,0,1,0,1,0,0,0,0,1,0,2
12,34,12.57,60.1,40.57,19.53,1,1,0,0,1,1,2,3,1,2,2,0,2
12,35,12.58,60,40.47,19.52,1,1,0,0,1,1,0,1,1,0,2,0,2
12,36,12.6,59.97,40.45,19.52,1,0,1,0,1,1,1,1,1,1,1,0,1
12,37,12.62,59.99,40.55,19.44,1,1,0,0,1,1,0,1,0,0,1,0,2
12,38,12.63,59.98,40.56,19.43,0,0,0,0,0,1,0,1,1,0,2,0,2
12,39,12.65,60.01,40.58,19.43,0,0,0,0,0,0,0,0,0,0,0,0,1
12,40,12.67,60.01,40.46,19.55,1,0,2,0,1,1,0,1,1,0,2,0,2
12,41,12.68,59.97,40.45,19.52,1,1,0,1,1,1,1,1,1,1,1,1,3
12,42,12.7,59.97,40.55,19.42,1,1,0,0,1,1,0,1,1,0,2,0,3
12,43,12.72,59.98,40.56,19.42,0,0,0,0,0,1,0,0,1,0,1,0,2
12,44,12.73,59.99,40.55,19.44,1,0,1,0,1,1,0,0,2,0,2,0,2
12,45,12.75,59.98,40.55,19.43,0,0,0,0,0,1,0,1,0,0,1,0,2
12,46,12.77,59.98,40.56,19.42,0,0,0,0,0,1,0,1,0,0,1,0,2
12,47,12.78,60.09,40.56,19.53,1,1,0,0,1,0,0,0,0,0,0,0,2
12,48,12.8,59.92,40.48,19.44,0,0,0,0,0,1,3,4,0,3,1,0,2
12,49,12.82,59.99,40.46,19.53,0,0,0,0,0,1,1,1,0,1,0,0,2
12,50,12.83,59.98,40.55,19.43,1,1,0,0,1,0,0,0,0,0,0,0,2
12,51,12.85,60,40.57,19.43,0,0,0,0,0,1,5,6,3,5,3,0,3
12,52,12.87,60.07,40.55,19.52,0,0,0,0,0,1,0,0,4,0,5,0,2
12,53,12.88,59.98,40.46,19.53,1,0,1,0,1,1,0,1,1,0,2,1,2
12,54,12.9,60.01,40.48,19.54,1,1,0,0,1,1,0,0,2,0,2,0,2
12,55,12.92,59.98,40.45,19.52,0,0,0,0,0,1,0,0,2,0,2,0,1
12,56,12.93,60,40.56,19.44,0,0,0,0,0,1,1,2,1,1,2,0,2
12,57,12.95,60.09,40.56,19.54,0,0,0,0,0,1,1,1,0,1,0,0,2
12,58,12.97,59.99,40.47,19.52,1,1,0,0,1,1,0,1,0,0,1,0,2
12,59,12.98,59.92,40.49,19.43,1,1,0,0,1,1,0,1,0,0,1,0,3
13,0,13,60.07,40.55,19.52,0,0,0,0,0,1,0,1,1,0,2,0,3
13,1,13.02,59.99,40.45,19.54,1,1,1,0,2,1,1,1,0,1,0,0,2
13,2,13.03,59.97,40.55,19.42,1,0,1,0,1,1,0,1,2,0,3,0,2
13,3,13.05,60.1,40.56,19.54,0,0,0,0,0,1,0,0,4,0,4,1,3
13,4,13.07,59.98,40.46,19.53,0,0,0,0,0,0,0,0,0,0,0,0,2
13,5,13.08,59.96,40.44,19.53,0,0,0,0,0,1,0,1,0,0,1,0,2
13,6,13.1,59.99,40.56,19.42,1,1,0,0,0,1,1,2,0,1,1,0,2
13,7,13.12,60.09,40.57,19.53,1,0,0,1,0,1,0,1,2,0,3,0,2
13,8,13.13,59.99,40.46,19.53,1,1,1,0,2,0,0,0,0,0,0,0,2
13,9,13.15,59.97,40.46,19.51,1,1,0,0,1,1,0,1,0,0,1,0,2
13,10,13.17,60.08,40.55,19.53,1,1,0,0,1,1,0,1,0,0,1,0,2
13,11,13.18,60,40.47,19.53,0,0,0,0,0,1,0,1,0,0,1,0,2
13,12,13.2,59.99,40.55,19.44,1,1,0,0,0,1,0,0,1,0,1,0,2
13,13,13.22,59.99,40.57,19.42,1,1,0,1,1,1,1,1,2,1,2,1,2
13,14,13.23,60,40.47,19.54,1,0,1,0,1,1,0,0,1,0,1,0,1
13,15,13.25,59.99,40.45,19.54,1,1,0,0,1,0,0,0,0,0,0,0,2
13,16,13.27,59.97,40.44,19.52,1,0,1,0,1,1,2,2,2,2,1,0,2
13,17,13.28,60.01,40.48,19.53,1,1,0,0,1,1,0,1,1,1,2,0,2
13,18,13.3,59.98,40.46,19.53,1,1,1,0,2,1,0,1,1,0,2,0,3
13,19,13.32,60,40.47,19.53,0,0,0,0,0,1,0,1,0,0,1,0,3
13,20,13.33,59.99,40.56,19.43,1,1,2,0,2,1,1,1,0,1,0,0,1
13,21,13.35,60.07,40.55,19.53,1,0,0,0,1,1,1,1,2,1,2,0,3
13,22,13.37,59.89,40.47,19.43,1,1,0,0,1,1,1,1,1,1,0,0,1
13,23,13.38,60.01,40.57,19.44,0,0,0,0,0,1,0,0,0,0,1,0,2
13,24,13.4,60.08,40.55,19.53,1,1,2,0,3,1,1,1,1,1,1,0,2
13,25,13.42,59.98,40.46,19.52,0,0,0,0,0,1,1,2,1,1,1,0,2
13,26,13.43,59.98,40.46,19.52,1,1,3,0,3,1,0,1,0,1,1,0,3
13,27,13.45,59.99,40.46,19.54,1,0,0,1,0,1,2,2,1,2,1,0,1
13,28,13.47,59.99,40.45,19.54,1,1,0,0,0,1,0,1,3,0,4,0,2
13,29,13.48,60.01,40.56,19.45,1,0,0,0,1,1,1,1,0,1,0,0,2
13,30,13.5,59.98,40.45,19.53,1,1,0,0,0,1,1,2,0,1,1,0,2
13,31,13.52,59.99,40.55,19.43,1,0,0,1,0,1,0,1,1,0,2,0,3
13,32,13.53,60.08,40.55,19.52,1,1,0,0,0,1,0,1,1,0,1,0,2
13,33,13.55,59.97,40.45,19.51,1,2,0,2,1,1,1,0,1,1,1,1,2
13,34,13.57,59.99,40.46,19.53,1,1,0,0,1,1,0,1,0,0,1,0,2
13,35,13.58,59.98,40.55,19.44,1,1,0,0,1,1,0,1,0,0,1,0,2
13,36,13.6,60.01,40.48,19.53,0,0,0,0,0,1,2,2,1,2,1,1,2
13,37,13.62,60,40.56,19.44,1,1,0,0,1,1,0,0,1,0,1,0,2
13,38,13.63,60.08,40.55,19.53,1,0,1,0,1,1,4,4,2,4,2,1,2
13,39,13.65,60,40.48,19.52,1,1,0,0,1,0,0,0,0,0,0,0,2
13,40,13.67,59.96,40.45,19.51,0,0,0,0,0,1,1,2,0,1,1,0,2
13,41,13.68,59.97,40.55,19.42,0,0,0,0,0,1,0,1,2,0,2,0,2
13,42,13.7,60.09,40.56,19.52,1,1,0,1,0,1,1,0,2,1,2,0,2
13,43,13.72,59.99,40.47,19.52,1,0,4,0,4,1,1,1,4,1,3,0,1
13,44,13.73,60,40.46,19.54,1,1,0,0,1,1,0,1,0,1,1,1,2
13,45,13.75,59.9,40.47,19.43,1,0,1,0,1,1,1,2,1,1,2,0,2
13,46,13.77,60.07,40.55,19.52,0,0,0,0,0,1,0,1,2,0,2,0,2
13,47,13.78,59.93,40.48,19.45,1,0,1,0,1,1,1,3,0,3,1,0,2
13,48,13.8,59.99,40.56,19.43,1,0,1,0,1,1,0,1,1,0,1,0,2
13,49,13.82,60.08,40.56,19.52,1,1,1,0,2,1,0,1,0,1,1,0,3
13,50,13.83,59.99,40.46,19.53,1,1,0,0,1,1,0,1,1,0,2,0,2
13,51,13.85,59.9,40.46,19.44,1,1,0,0,1,1,0,1,0,0,1,0,2
13,52,13.87,59.98,40.56,19.41,1,0,1,0,1,1,0,1,1,1,1,0,2
13,53,13.88,60.01,40.57,19.44,1,1,0,0,1,1,3,4,2,3,2,0,3
13,54,13.9,60,40.58,19.42,0,0,0,0,0,1,0,0,0,1,0,0,2
13,55,13.92,59.99,40.55,19.44,1,1,2,1,2,1,7,7,6,7,5,1,2
13,56,13.93,59.98,40.55,19.43,1,1,0,0,0,1,0,1,1,1,2,0,3
13,57,13.95,59.97,40.55,19.43,1,1,0,1,1,1,1,1,1,1,1,0,2
13,58,13.97,59.98,40.56,19.42,1,1,0,0,1,1,0,1,0,0,1,0,2
13,59,13.98,60,40.56,19.44,0,0,0,0,0,1,2,2,1,2,1,0,2
14,0,14,65.09,45.56,19.53,1,1,0,0,0,1,0,1,1,0,2,0,2
14,1,14.02,60,40.46,19.54,1,0,0,1,0,1,0,1,0,0,1,0,2
14,2,14.03,59.98,40.46,19.52,1,1,0,0,1,1,1,2,2,1,3,0,2
14,3,14.05,59.99,40.46,19.53,1,1,1,0,1,1,0,1,0,0,1,0,3
14,4,14.07,59.98,40.45,19.54,1,0,0,1,0,1,2,2,1,2,1,0,2
14,5,14.08,59.98,40.45,19.53,1,0,1,0,1,0,0,0,0,0,0,0,1
14,6,14.1,59.98,40.55,19.43,0,0,0,0,0,1,0,0,1,0,1,0,1
14,7,14.12,59.98,40.55,19.42,1,1,0,1,0,1,1,2,2,1,3,0,2
14,8,14.13,60.07,40.55,19.53,1,1,0,0,1,1,0,1,1,0,2,0,3
14,9,14.15,59.99,40.46,19.53,1,1,0,0,1,1,1,1,0,1,0,0,2
14,10,14.17,59.98,40.45,19.53,0,0,0,0,0,1,0,1,0,0,1,0,2
14,11,14.18,59.97,40.45,19.52,0,0,0,0,0,1,1,2,1,1,2,0,2
14,12,14.2,59.99,40.47,19.52,0,0,0,0,0,1,0,0,3,0,3,0,2
14,13,14.22,59.9,40.47,19.43,1,1,1,0,2,1,0,1,0,0,1,1,3
14,14,14.23,60.01,40.56,19.45,1,1,1,0,2,0,0,0,0,0,0,0,2
14,15,14.25,60.08,40.55,19.53,1,0,2,0,2,0,0,0,0,0,0,0,2
14,16,14.27,59.99,40.46,19.53,0,0,0,0,0,1,1,2,1,1,1,0,2
14,17,14.28,60.01,40.47,19.54,0,0,0,0,0,1,0,1,1,1,2,0,3
14,18,14.3,59.99,40.55,19.44,1,0,1,0,1,1,1,1,1,1,1,1,2
14,19,14.32,59.98,40.56,19.42,0,0,0,0,0,1,1,1,0,1,0,0,1
14,20,14.33,59.99,40.57,19.42,1,1,0,0,1,1,0,1,2,0,2,0,3
14,21,14.35,60.08,40.55,19.53,1,1,0,0,1,1,2,1,0,2,0,0,2
14,22,14.37,60.01,40.47,19.54,1,1,0,0,1,1,0,1,2,0,3,0,3
14,23,14.38,60.01,40.46,19.55,1,1,0,0,0,0,0,0,0,0,0,0,2
14,24,14.4,59.98,40.45,19.53,1,0,0,0,1,1,0,1,1,0,2,0,3
14,25,14.42,60,40.47,19.54,1,1,0,0,1,1,1,1,1,1,0,0,2
14,26,14.43,60,40.46,19.53,1,1,0,0,0,1,0,1,0,1,0,0,2
14,27,14.45,59.99,40.54,19.45,0,0,0,0,0,0,0,0,0,0,0,0,2
14,28,14.47,59.99,40.56,19.44,0,0,0,0,0,0,0,0,0,0,0,0,2
14,31,14.52,59.99,40.57,19.43,0,0,0,0,0,0,0,0,0,0,0,0,2
14,32,14.53,59.98,40.55,19.42,0,0,0,0,0,0,0,0,0,0,0,0,2
14,33,14.55,59.99,40.55,19.44,1,0,0,0,1,0,0,0,0,0,0,1,3
14,34,14.57,60.08,40.55,19.53,0,0,0,0,0,1,0,1,0,1,1,0,2
14,35,14.58,60,40.47,19.53,1,1,0,0,1,1,2,3,0,2,1,0,2
14,36,14.6,59.89,40.46,19.43,0,0,0,0,0,1,0,0,2,0,2,0,2
14,37,14.62,59.98,40.55,19.43,1,0,2,0,1,1,0,1,0,0,1,0,2
14,38,14.63,59.96,40.54,19.42,1,1,0,1,1,1,0,1,0,0,1,0,2
14,39,14.65,60.07,40.54,19.52,1,0,2,0,2,1,2,2,2,2,2,0,1
14,40,14.67,59.98,40.45,19.52,1,1,0,0,0,1,0,1,0,0,1,0,2
14,41,14.68,60,40.46,19.53,1,2,0,2,1,1,1,2,2,1,3,0,3
14,42,14.7,60,40.46,19.54,1,1,1,0,1,1,0,0,2,0,2,0,2
14,43,14.72,59.98,40.45,19.53,1,0,1,1,1,1,0,1,2,0,3,0,2
14,44,14.73,60.04,40.49,19.54,0,0,0,0,0,1,0,1,0,0,1,0,2
14,45,14.75,59.99,40.46,19.53,0,0,0,0,0,1,0,0,2,0,1,0,2
14,46,14.77,59.97,40.44,19.52,1,0,1,0,0,1,0,1,2,1,3,0,3
14,47,14.78,59.98,40.46,19.52,1,1,0,1,1,1,0,1,4,1,4,0,3
14,48,14.8,60,40.46,19.54,0,0,0,0,0,0,0,0,0,0,0,0,1
14,49,14.82,59.99,40.46,19.53,0,0,0,0,0,1,0,1,1,0,2,0,2
14,50,14.83,59.99,40.55,19.44,0,0,0,0,0,1,0,1,1,0,2,0,2
14,51,14.85,60,40.56,19.44,1,1,0,0,1,1,0,1,0,0,1,0,2
14,52,14.87,60.08,40.57,19.51,1,1,1,0,2,1,0,1,1,0,2,0,3
14,53,14.88,60,40.47,19.53,1,1,0,0,1,1,0,1,0,0,1,0,2
14,54,14.9,59.9,40.47,19.44,1,1,0,0,1,1,0,1,0,0,1,0,2
14,55,14.92,59.99,40.55,19.44,1,1,2,0,3,1,0,1,0,0,1,0,2
14,56,14.93,59.98,40.56,19.42,0,0,0,0,0,1,0,2,4,1,5,0,3
14,57,14.95,59.99,40.56,19.43,1,0,1,0,1,1,0,0,1,0,1,0,2
14,58,14.97,60,40.56,19.44,1,1,0,0,1,0,0,0,0,0,0,0,2
14,59,14.98,60.03,40.49,19.54,0,0,0,0,0,1,0,1,0,0,1,0,2
15,0,15,60,40.47,19.53,1,1,0,0,1,1,2,3,0,2,1,0,2
15,1,15.02,59.98,40.46,19.53,0,0,0,0,0,1,1,2,2,1,2,0,2
15,2,15.03,59.99,40.46,19.53,1,2,0,1,1,1,1,1,0,2,0,0,2
15,3,15.05,59.98,40.55,19.43,0,0,0,0,0,1,1,2,1,1,1,0,2
15,4,15.07,60.08,40.55,19.53,1,1,0,0,1,1,0,1,0,1,1,0,3
15,5,15.08,60,40.56,19.44,1,1,1,0,1,0,0,0,0,0,0,0,2
15,6,15.1,60.09,40.55,19.54,1,0,0,1,0,1,0,2,1,1,2,0,3
15,7,15.12,60,40.46,19.53,1,1,1,0,2,1,0,1,0,0,1,0,2
15,8,15.13,60.02,40.46,19.55,1,0,1,0,1,1,1,1,3,1,2,0,2
15,9,15.15,59.98,40.46,19.52,1,1,0,0,1,1,0,1,0,1,1,0,2
15,10,15.17,60.07,40.55,19.53,1,0,2,0,1,1,0,1,0,0,1,0,2
15,11,15.18,59.98,40.46,19.52,1,0,0,0,1,1,1,1,1,1,1,0,3
15,12,15.2,60.07,40.55,19.52,1,0,2,0,2,1,1,1,1,1,1,0,1
15,13,15.22,59.98,40.46,19.52,1,1,2,0,3,1,0,1,0,0,1,0,2
15,14,15.23,60.01,40.48,19.53,1,0,1,0,1,1,0,0,1,0,1,0,2
15,15,15.25,59.99,40.45,19.54,1,1,1,0,1,1,9,9,1,9,1,0,2
15,16,15.27,60,40.45,19.55,1,0,0,0,1,1,0,1,2,0,2,0,3
15,17,15.28,59.98,40.45,19.53,1,1,0,0,1,1,0,1,0,1,1,0,3
15,18,15.3,59.99,40.46,19.53,0,0,0,0,0,0,0,0,0,0,0,0,2
15,19,15.32,59.99,40.56,19.43,0,0,0,0,0,1,1,2,1,1,2,0,2
15,20,15.33,59.98,40.56,19.43,1,1,0,0,1,1,1,2,1,1,1,0,3
15,21,15.35,60.06,40.55,19.51,1,1,1,0,2,1,1,1,1,2,1,0,2
15,22,15.37,59.9,40.46,19.43,1,1,0,0,1,1,0,1,2,0,3,0,2
15,23,15.38,59.99,40.57,19.43,1,0,1,0,1,1,1,2,0,1,1,1,2
15,24,15.4,60.09,40.57,19.52,0,0,0,0,0,1,0,1,0,0,0,0,3
15,25,15.42,59.98,40.45,19.54,0,0,0,0,0,1,1,0,1,1,1,0,1
15,26,15.43,60.01,40.47,19.53,0,0,0,0,0,1,0,1,0,0,1,0,2
15,27,15.45,59.98,40.46,19.52,0,0,0,0,0,1,1,1,1,1,1,0,2
15,28,15.47,59.99,40.47,19.52,1,1,0,0,1,1,1,1,1,1,1,0,2
15,29,15.48,60.02,40.48,19.54,0,0,0,0,0,0,0,0,0,0,0,0,2
15,30,15.5,59.98,40.46,19.52,1,1,0,0,1,1,0,1,1,0,2,1,3
15,31,15.52,59.98,40.54,19.45,0,0,0,0,0,1,0,1,0,0,1,0,3
15,32,15.53,60.01,40.57,19.44,1,0,1,0,1,1,0,1,0,0,1,0,2
15,33,15.55,59.98,40.56,19.43,1,1,0,0,1,1,0,1,1,0,2,0,2
15,34,15.57,59.98,40.56,19.41,1,1,1,0,2,1,0,1,2,0,2,0,2
15,35,15.58,59.99,40.56,19.43,1,1,1,0,2,1,0,0,0,0,1,0,2
15,36,15.6,60.09,40.55,19.53,1,1,0,0,1,1,0,1,1,0,2,0,2
15,37,15.62,59.99,40.47,19.53,0,0,0,0,0,1,1,2,2,1,3,0,2
15,38,15.63,59.98,40.46,19.52,1,1,1,0,2,1,2,3,1,2,2,0,2
15,39,15.65,60,40.49,19.52,1,1,0,0,1,1,1,2,1,1,2,0,3
15,40,15.67,59.98,40.46,19.53,1,0,1,0,0,1,0,1,1,0,2,0,2
15,41,15.68,59.98,40.56,19.42,1,0,1,1,0,1,0,1,2,0,2,0,2
15,42,15.7,60.01,40.57,19.43,1,0,1,1,1,1,0,1,0,1,1,0,3
15,43,15.72,59.99,40.56,19.43,1,1,2,1,1,1,0,1,1,0,1,0,3
15,44,15.73,60.02,40.48,19.54,1,0,0,0,1,1,9,11,0,11,1,0,2
15,45,15.75,59.98,40.45,19.52,0,0,0,0,0,1,1,1,1,1,1,0,2
15,49,15.82,60.08,40.56,19.52,0,0,0,0,0,1,0,1,0,0,1,0,2
15,50,15.83,59.98,40.45,19.53,1,0,1,0,1,1,0,1,1,0,1,0,2
15,51,15.85,59.97,40.44,19.52,0,0,0,0,0,1,1,2,0,2,1,0,2
15,52,15.87,60,40.48,19.52,0,0,0,0,0,1,0,1,0,0,1,0,2
15,53,15.88,59.98,40.55,19.43,1,0,1,0,1,1,0,1,1,0,1,0,2
15,54,15.9,60.09,40.57,19.52,1,1,1,1,1,1,1,1,0,1,1,0,2
15,55,15.92,59.96,40.44,19.52,1,0,1,0,1,1,1,1,1,1,1,0,2
15,56,15.93,59.98,40.47,19.52,1,1,0,0,0,1,0,0,1,0,1,0,2
15,57,15.95,59.99,40.45,19.54,1,0,1,0,2,1,0,1,2,0,3,0,3
15,58,15.97,59.96,40.44,19.52,0,0,0,0,0,1,0,1,1,0,2,0,2
15,59,15.98,60.01,40.57,19.45,0,0,0,0,0,1,2,3,1,2,2,0,2
16,0,16,60.1,40.57,19.53,1,0,1,0,1,1,0,1,1,0,2,0,2
16,1,16.02,59.99,40.46,19.53,0,0,0,0,0,1,0,1,1,0,1,0,3
16,2,16.03,60,40.49,19.52,1,1,0,0,1,1,0,1,1,1,2,0,3
16,3,16.05,59.9,40.48,19.42,1,1,0,0,1,1,1,2,1,1,2,1,2
16,4,16.07,60.08,40.55,19.53,0,0,0,0,0,1,2,3,0,2,1,0,2
16,5,16.08,59.99,40.45,19.53,1,1,0,0,1,1,0,1,0,0,1,0,2
16,6,16.1,59.98,40.46,19.52,1,0,1,0,1,1,1,2,1,1,1,0,2
16,7,16.12,60,40.46,19.54,1,1,0,0,1,1,0,0,2,1,1,0,2
16,8,16.13,59.99,40.45,19.53,1,0,2,0,1,1,1,2,0,2,1,0,2
16,9,16.15,59.97,40.54,19.43,1,1,2,1,2,1,0,1,1,0,2,0,3
16,10,16.17,60.08,40.56,19.52,1,1,0,1,0,1,1,3,2,2,3,0,3
16,11,16.18,59.98,40.45,19.53,1,0,0,0,1,1,0,1,1,0,2,0,3
16,12,16.2,59.98,40.45,19.53,0,0,0,0,0,0,0,0,0,0,0,0,1
16,13,16.22,59.99,40.46,19.53,1,1,0,0,1,1,0,1,0,0,1,0,2
16,14,16.23,59.98,40.55,19.43,0,0,0,0,0,1,1,2,1,1,1,0,3
16,15,16.25,60.08,40.54,19.54,0,0,0,0,0,1,0,1,0,1,1,0,2
16,16,16.27,59.99,40.46,19.53,1,0,4,0,3,1,1,2,1,1,1,1,2
16,17,16.28,59.99,40.57,19.42,1,0,0,0,1,1,2,3,2,3,2,0,3
16,18,16.3,60.09,40.55,19.53,1,1,6,1,6,1,0,0,0,0,1,0,3
16,19,16.32,60,40.47,19.53,1,0,1,0,0,1,1,2,1,1,1,0,2
16,20,16.33,60.07,40.54,19.53,1,0,0,1,0,1,0,1,1,1,1,0,3
16,21,16.35,59.92,40.48,19.43,1,1,0,0,1,1,0,1,2,1,3,1,3
16,22,16.37,60.07,40.55,19.53,1,0,2,0,2,1,0,1,1,0,2,0,3
16,23,16.38,59.98,40.45,19.53,1,0,1,0,0,1,4,5,0,4,1,0,2
16,24,16.4,59.98,40.44,19.53,1,0,1,0,2,1,2,2,1,2,1,0,2
16,25,16.42,59.98,40.54,19.43,1,0,1,0,1,1,2,2,0,2,0,0,1
16,26,16.43,60.1,40.57,19.53,1,0,1,0,1,1,0,1,0,0,0,0,2
16,27,16.45,59.98,40.45,19.53,1,1,1,0,1,1,1,1,0,1,0,0,2
16,28,16.47,59.97,40.46,19.52,0,0,0,0,0,1,0,0,1,1,0,0,2
16,29,16.48,59.98,40.56,19.42,1,0,0,1,0,1,0,0,0,0,1,0,2
16,30,16.5,60.08,40.55,19.53,1,1,0,0,1,1,0,1,2,0,2,0,3
16,31,16.52,59.98,40.46,19.53,0,0,0,0,0,1,1,1,0,2,0,0,1
16,32,16.53,59.98,40.44,19.53,1,1,0,0,1,1,0,1,0,0,1,0,2
16,33,16.55,59.97,40.55,19.42,1,1,2,1,2,1,3,4,0,3,1,0,2
16,34,16.57,60,40.58,19.43,1,1,0,0,1,1,0,1,0,0,1,0,2
16,35,16.58,60,40.48,19.52,0,0,0,0,0,1,0,1,1,0,2,0,2
16,36,16.6,60.06,40.55,19.52,1,1,0,0,1,1,0,1,0,0,1,0,3
16,37,16.62,59.98,40.45,19.53,1,2,0,1,1,1,7,8,3,7,4,0,3
16,38,16.63,59.99,40.47,19.53,0,0,0,0,0,1,0,1,1,0,2,0,2
16,39,16.65,59.97,40.45,19.52,0,0,0,0,0,1,0,1,1,0,2,0,3
16,40,16.67,59.98,40.55,19.43,1,1,0,0,1,1,1,1,1,1,0,0,2
16,41,16.68,60.09,40.57,19.52,1,1,0,1,0,1,1,2,2,2,3,0,3
16,42,16.7,59.98,40.46,19.53,1,1,1,0,1,1,0,1,0,0,1,0,3
16,43,16.72,59.98,40.45,19.53,1,0,0,1,0,1,1,2,1,1,2,0,3
16,44,16.73,59.98,40.45,19.54,1,0,1,0,1,0,0,0,0,0,0,0,1
16,45,16.75,59.99,40.46,19.53,1,0,1,0,1,0,0,0,0,0,0,0,1
16,46,16.77,59.99,40.44,19.55,1,0,1,0,1,1,1,2,1,1,2,0,2
16,47,16.78,60.01,40.47,19.54,1,1,0,0,1,1,0,1,1,0,2,0,2
16,48,16.8,59.96,40.44,19.52,0,0,0,0,0,1,0,1,0,0,1,0,3
16,49,16.82,59.98,40.56,19.42,1,0,1,0,1,1,1,2,1,1,2,0,2
16,50,16.83,60,40.56,19.44,1,1,3,0,4,1,1,1,1,1,1,0,2
16,51,16.85,59.99,40.47,19.52,0,0,0,0,0,1,0,1,0,0,1,0,3
16,52,16.87,59.99,40.47,19.53,1,0,2,0,2,1,0,0,3,0,3,0,2
16,53,16.88,59.99,40.46,19.53,0,0,0,0,0,1,1,2,0,1,1,1,2
16,54,16.9,59.98,40.46,19.52,0,0,0,0,0,1,0,1,0,0,1,0,2
16,55,16.92,59.98,40.56,19.43,0,0,0,0,0,1,0,1,1,0,2,0,2
16,56,16.93,60.06,40.54,19.53,1,1,0,0,1,1,0,1,2,0,3,0,3
16,57,16.95,59.99,40.46,19.53,1,0,2,0,2,1,0,1,1,0,2,0,2
16,58,16.97,59.99,40.46,19.53,1,1,0,0,1,1,0,1,0,0,1,0,3
16,59,16.98,60.02,40.47,19.56,1,0,1,0,0,1,0,1,0,0,1,0,2
17,0,17,59.97,40.44,19.53,1,1,1,1,1,1,0,0,1,0,0,0,2
17,1,17.02,59.97,40.45,19.52,1,0,2,1,2,1,0,1,0,1,0,0,3
17,7,17.12,59.97,40.45,19.53,1,1,2,0,3,1,0,0,0,0,1,0,2
17,8,17.13,59.97,40.56,19.42,1,1,1,0,2,1,0,1,1,0,1,0,3
17,9,17.15,60.08,40.56,19.52,1,1,0,0,0,1,1,1,1,2,1,0,2
17,10,17.17,59.99,40.46,19.53,1,0,1,1,1,1,0,1,1,0,2,0,3
17,11,17.18,60.03,40.5,19.53,1,1,3,0,4,1,1,2,3,1,4,1,3
17,12,17.2,59.96,40.53,19.42,1,1,0,0,1,1,0,1,0,0,1,0,3
17,13,17.22,60.1,40.57,19.52,1,1,0,0,1,1,0,1,1,0,2,0,2
17,14,17.23,60.01,40.47,19.54,0,0,0,0,0,1,0,1,1,0,2,0,2
17,15,17.25,60,40.46,19.54,1,1,1,0,2,1,0,1,1,0,2,0,3
17,16,17.27,60.02,40.47,19.55,1,1,2,0,3,1,0,2,3,1,3,0,3
17,17,17.28,59.9,40.47,19.43,0,0,0,0,0,1,0,0,0,0,1,0,2
17,18,17.3,60.07,40.54,19.53,1,1,1,0,2,1,0,0,4,0,3,0,2
17,19,17.32,59.98,40.46,19.52,1,0,1,0,1,1,0,1,2,1,3,0,2
17,20,17.33,60,40.47,19.53,0,0,0,0,0,1,0,1,0,0,1,0,2
17,21,17.35,60,40.58,19.42,0,0,0,0,0,1,0,1,1,0,2,0,2
17,22,17.37,59.99,40.55,19.44,1,1,0,0,1,1,0,1,0,0,1,0,3
17,23,17.38,60.09,40.56,19.53,0,0,0,0,0,1,0,1,0,0,1,0,2
17,24,17.4,60.01,40.49,19.52,1,1,1,0,2,1,2,2,2,2,2,0,2
17,25,17.42,59.99,40.56,19.43,0,0,0,0,0,1,1,2,2,1,2,0,2
17,26,17.43,60.09,40.57,19.52,0,0,0,0,0,1,1,2,1,2,2,0,3
17,27,17.45,59.98,40.45,19.53,1,0,1,0,1,1,0,0,3,0,3,0,2
17,28,17.47,59.97,40.44,19.53,0,0,0,0,0,1,0,1,0,0,1,0,2
17,29,17.48,60,40.56,19.45,1,0,1,0,1,1,0,1,1,0,2,0,2
17,30,17.5,60.09,40.57,19.52,1,1,0,0,1,1,0,1,0,0,1,0,3
17,31,17.52,59.98,40.46,19.52,1,1,0,0,1,1,0,1,1,0,2,0,2
17,32,17.53,60.08,40.55,19.53,1,0,4,0,4,1,0,0,3,0,3,0,1
17,33,17.55,60.08,40.55,19.53,1,1,0,0,1,1,0,1,1,0,2,1,3
17,34,17.57,60,40.46,19.54,1,1,0,0,1,0,0,0,0,0,0,0,2
17,35,17.58,59.99,40.57,19.43,0,0,0,0,0,1,2,3,1,2,2,0,3
17,36,17.6,60,40.57,19.43,0,0,0,0,0,1,0,1,1,0,2,0,2
17,37,17.62,60.11,40.57,19.53,1,0,2,0,2,1,0,1,0,0,1,0,2
17,38,17.63,60,40.47,19.53,1,1,0,0,1,1,0,1,0,0,1,0,3
17,39,17.65,59.99,40.46,19.54,0,0,0,0,0,1,0,1,0,0,1,0,2
17,40,17.67,59.99,40.45,19.54,1,1,0,0,1,1,8,9,0,8,1,0,3
17,41,17.68,60.01,40.46,19.55,1,0,3,0,3,1,0,1,3,0,3,0,2
17,42,17.7,59.97,40.45,19.53,1,1,0,0,1,1,10,10,3,10,4,0,3
17,43,17.72,59.92,40.47,19.45,1,1,0,0,1,1,0,1,0,0,1,0,2
17,44,17.73,60.01,40.57,19.43,1,1,2,0,3,1,0,1,4,0,4,0,3
17,45,17.75,59.99,40.56,19.43,1,1,1,0,2,1,2,3,0,3,1,0,2
17,46,17.77,60.08,40.56,19.52,0,0,0,0,0,1,0,1,1,0,1,0,3
17,47,17.78,60.01,40.47,19.54,1,0,1,0,1,1,0,1,0,1,1,0,2
17,48,17.8,59.98,40.46,19.53,1,1,0,0,1,1,5,6,2,5,3,0,3
17,49,17.82,60,40.46,19.54,1,1,0,0,1,1,0,1,0,0,1,0,3
17,50,17.83,60.03,40.48,19.55,1,1,7,0,8,1,2,3,1,2,1,0,2
17,51,17.85,59.99,40.46,19.52,1,1,0,0,1,1,0,1,0,1,1,0,3
17,52,17.87,59.99,40.47,19.52,0,0,0,0,0,1,0,1,1,0,2,0,2
17,53,17.88,60,40.57,19.43,1,1,0,0,1,1,2,2,0,2,0,0,2
17,54,17.9,60,40.58,19.42,1,0,1,0,1,1,0,1,0,0,1,0,2
17,55,17.92,59.96,40.54,19.43,0,0,0,0,0,0,0,0,0,0,0,0,2
17,56,17.93,60.07,40.55,19.52,1,1,1,0,2,1,0,1,0,0,0,0,3
17,57,17.95,60,40.47,19.53,1,0,1,0,1,1,1,0,2,1,2,0,1
17,58,17.97,59.89,40.46,19.43,1,1,0,0,1,1,0,1,1,0,2,0,2
17,59,17.98,60,40.55,19.45,0,0,0,0,0,1,2,3,1,2,2,0,2
18,5,18.08,68.18,48.65,19.52,1,0,0,1,0,1,2,2,1,2,1,0,2
18,6,18.1,60,40.47,19.53,0,0,0,0,0,0,0,0,0,0,0,0,2
18,7,18.12,60,40.47,19.52,0,0,0,0,0,0,0,0,0,0,0,0,2
18,8,18.13,59.99,40.47,19.52,0,0,0,0,0,1,0,1,1,0,2,0,2
18,9,18.15,59.9,40.48,19.42,0,0,0,0,0,1,0,1,0,0,1,0,2
18,10,18.17,59.99,40.56,19.43,0,0,0,0,0,1,2,3,0,2,1,1,2
18,11,18.18,60,40.57,19.43,1,1,1,0,2,1,1,1,0,1,0,0,2
18,12,18.2,60,40.56,19.44,1,0,1,0,1,1,1,1,3,1,2,0,2
18,13,18.22,60.07,40.55,19.52,1,0,4,0,4,1,0,1,3,1,4,0,2
18,14,18.23,59.9,40.46,19.44,1,1,2,0,3,1,5,6,0,5,1,0,3
18,15,18.25,60.07,40.56,19.52,1,1,1,0,1,1,0,1,0,0,1,0,2
18,16,18.27,60.02,40.46,19.56,1,0,0,1,0,0,0,0,0,0,0,0,1
18,17,18.28,59.99,40.47,19.53,0,0,0,0,0,1,0,1,0,0,0,0,3
18,18,18.3,59.97,40.55,19.43,0,0,0,0,0,1,2,2,0,2,1,0,2
18,19,18.32,60.01,40.58,19.42,1,1,0,0,1,1,1,2,1,1,2,0,2
18,20,18.33,59.99,40.55,19.44,1,1,0,0,1,1,4,5,0,4,1,0,3
18,21,18.35,59.99,40.55,19.43,1,0,1,0,1,1,0,1,2,0,3,0,2
18,22,18.37,60.07,40.54,19.53,1,1,4,0,5,1,1,1,5,1,5,0,2
18,23,18.38,59.97,40.45,19.52,0,0,0,0,0,0,0,0,0,0,0,0,1
18,24,18.4,59.99,40.56,19.43,1,0,1,0,1,1,0,1,0,0,1,0,2
18,25,18.42,60.07,40.55,19.52,0,0,0,0,0,1,0,1,0,0,1,0,2
18,26,18.43,59.99,40.46,19.53,0,0,0,0,0,1,0,1,0,0,1,0,2
18,27,18.45,59.99,40.47,19.52,1,1,1,0,1,1,1,1,0,1,0,0,2
18,28,18.47,59.99,40.46,19.53,1,1,0,1,1,1,0,0,1,0,1,0,2
18,29,18.48,59.98,40.55,19.43,1,2,1,1,2,1,2,2,1,2,0,0,2
18,30,18.5,60.08,40.55,19.53,1,0,1,0,1,1,0,2,0,2,1,0,2
18,31,18.52,59.97,40.45,19.52,1,1,1,0,2,1,1,2,1,1,1,0,2
18,32,18.53,59.99,40.56,19.43,1,1,0,0,1,1,0,1,1,2,1,0,2
18,33,18.55,59.97,40.54,19.43,1,0,2,0,1,1,0,1,1,0,2,0,2
18,34,18.57,60.08,40.54,19.54,1,0,1,1,1,1,0,1,3,0,4,0,2
18,35,18.58,60,40.47,19.53,1,1,0,0,1,0,0,0,0,0,0,0,2
18,36,18.6,59.97,40.45,19.52,1,1,0,0,1,1,2,3,0,2,1,0,2
18,37,18.62,60.01,40.47,19.53,1,0,3,0,3,1,0,1,1,0,2,0,2
18,38,18.63,59.99,40.47,19.52,1,0,1,0,1,1,0,1,0,0,1,0,2
18,39,18.65,59.98,40.45,19.53,1,1,0,0,1,0,0,0,0,0,0,0,2
18,40,18.67,60.01,40.49,19.52,0,0,0,0,0,1,0,1,0,0,1,0,2
18,41,18.68,59.99,40.46,19.52,1,1,2,0,2,1,1,2,2,1,3,0,2
18,42,18.7,60.01,40.49,19.53,1,1,0,1,1,1,0,1,0,0,1,0,3
18,43,18.72,60,40.47,19.53,0,0,0,0,0,1,0,1,2,0,3,0,2
18,44,18.73,59.91,40.46,19.44,0,0,0,0,0,1,4,5,0,4,1,0,2
18,45,18.75,59.99,40.56,19.42,1,1,0,0,1,1,2,2,0,2,0,0,2
18,46,18.77,60.08,40.56,19.52,1,0,3,0,3,1,0,1,1,0,2,0,2
18,47,18.78,59.89,40.46,19.44,1,1,0,0,1,1,0,0,1,0,1,0,2
18,48,18.8,60.08,40.55,19.53,0,0,0,0,0,1,0,1,0,0,1,0,2
18,49,18.82,59.97,40.45,19.52,1,1,0,0,1,1,2,2,0,2,0,0,2
18,50,18.83,60,40.48,19.52,0,0,0,0,0,1,0,1,1,0,2,0,2
18,51,18.85,59.9,40.47,19.43,0,0,0,0,0,1,1,2,1,1,2,0,3
18,52,18.87,59.99,40.56,19.43,1,1,3,0,4,1,0,1,2,0,2,0,3
18,53,18.88,60,40.55,19.44,0,0,0,0,0,1,0,1,1,2,1,0,2
18,54,18.9,59.99,40.55,19.43,1,0,2,0,2,1,3,4,1,3,2,0,2
18,55,18.92,59.98,40.56,19.43,1,1,0,0,1,1,0,1,0,0,1,0,2
18,56,18.93,60.09,40.57,19.52,1,1,0,0,1,1,1,2,1,1,2,0,3
18,57,18.95,59.89,40.44,19.45,1,0,1,0,1,1,1,1,0,1,0,0,1
18,58,18.97,60.08,40.54,19.54,0,0,0,0,0,1,2,2,0,2,0,0,2
18,59,18.98,60,40.46,19.54,1,0,1,0,1,1,2,2,1,2,0,0,1
19,0,19,59.97,40.45,19.52,1,1,0,0,1,1,1,0,1,1,1,0,2
19,1,19.02,59.97,40.44,19.52,1,1,0,0,1,1,0,1,0,0,1,0,2
19,2,19.03,60.01,40.58,19.43,1,0,1,0,1,1,0,0,1,0,1,0,2
19,3,19.05,60.08,40.55,19.53,0,0,0,0,0,1,0,1,0,0,1,0,2
19,4,19.07,59.99,40.46,19.53,0,0,0,0,0,0,0,0,0,0,0,0,1
19,5,19.08,60.02,40.49,19.53,1,1,0,0,1,1,1,2,0,1,1,0,2
19,6,19.1,59.99,40.45,19.54,1,1,0,0,1,1,0,1,1,0,2,0,3
19,7,19.12,59.97,40.55,19.42,0,0,0,0,0,0,0,0,0,0,0,0,1
19,8,19.13,60.1,40.57,19.53,1,0,2,0,1,1,0,0,2,0,2,0,1
19,9,19.15,59.98,40.46,19.52,1,0,0,0,1,0,0,0,0,0,0,0,2
19,10,19.17,60.01,40.48,19.53,1,0,1,0,1,1,1,2,1,1,2,0,2
19,11,19.18,59.99,40.46,19.53,1,0,1,0,1,1,0,2,0,1,1,0,2
19,12,19.2,59.99,40.46,19.53,1,0,1,0,0,1,0,0,2,0,2,0,2
19,13,19.22,60,40.47,19.53,1,0,1,1,1,1,2,3,1,2,2,0,2
19,14,19.23,60,40.47,19.53,0,0,0,0,0,1,1,1,0,1,0,0,2
19,15,19.25,59.99,40.47,19.52,0,0,0,0,0,0,0,0,0,0,0,0,1
19,16,19.27,59.98,40.54,19.43,1,1,0,0,1,1,0,1,2,0,2,0,3
19,17,19.28,60.01,40.57,19.45,1,1,1,0,2,1,4,4,0,5,0,0,2
19,18,19.3,59.98,40.55,19.43,0,0,0,0,0,0,0,0,0,0,0,0,1
19,19,19.32,60,40.56,19.44,1,1,0,1,0,0,0,0,0,0,0,0,1
19,20,19.33,60.01,40.58,19.43,1,0,1,0,1,1,1,1,3,1,3,0,2
19,21,19.35,59.99,40.57,19.42,1,0,2,0,2,1,0,1,3,0,4,0,2
19,22,19.37,59.99,40.56,19.43,1,1,0,0,1,1,5,6,0,5,1,0,2
19,23,19.38,60.01,40.55,19.46,0,0,0,0,0,0,0,0,0,0,0,0,1
19,24,19.4,60.08,40.56,19.52,0,0,0,0,0,1,0,1,1,0,2,0,2
19,25,19.42,59.98,40.45,19.53,0,0,0,0,0,0,0,0,0,0,0,0,1
19,26,19.43,60.01,40.47,19.54,1,1,2,0,3,1,0,1,0,0,1,0,2
19,27,19.45,59.99,40.46,19.54,1,1,0,0,1,1,0,1,2,0,2,0,3
19,28,19.47,59.98,40.45,19.52,0,0,0,0,0,1,1,2,0,2,1,0,2
19,29,19.48,59.98,40.44,19.53,0,0,0,0,0,1,0,0,3,0,3,0,2
19,30,19.5,59.97,40.46,19.51,1,1,1,0,2,1,0,1,0,0,1,0,2
19,31,19.52,59.99,40.47,19.51,0,0,0,0,0,0,0,0,0,0,0,0,1
19,32,19.53,59.99,40.56,19.43,0,0,0,0,0,0,0,0,0,0,0,0,1
19,33,19.55,60,40.55,19.45,1,0,1,0,1,1,0,0,3,0,3,0,2
19,38,19.63,59.96,40.45,19.52,0,0,0,0,0,0,0,0,0,0,0,0,1
19,39,19.65,59.98,40.46,19.52,0,0,0,0,0,0,0,0,0,0,0,0,1
19,40,19.67,60,40.55,19.44,1,0,2,0,2,1,0,1,1,0,2,0,2
19,41,19.68,59.99,40.56,19.43,0,0,0,0,0,1,3,3,0,3,0,0,1
19,42,19.7,60.09,40.56,19.53,1,0,1,0,1,1,0,0,3,0,3,0,2
19,43,19.72,59.99,40.46,19.52,0,0,0,0,0,1,0,1,0,0,1,0,2
19,44,19.73,59.91,40.47,19.44,1,1,0,0,1,1,2,3,2,2,3,0,2
19,45,19.75,59.99,40.56,19.43,1,1,0,0,1,1,0,1,0,0,1,0,2
19,46,19.77,59.98,40.56,19.42,1,0,1,0,1,1,0,1,1,0,1,0,2
19,47,19.78,60.02,40.57,19.45,0,0,0,0,0,1,0,1,0,1,1,0,2
19,48,19.8,59.98,40.55,19.43,0,0,0,0,0,1,1,2,0,1,1,0,2
19,49,19.82,60.1,40.56,19.54,0,0,0,0,0,1,0,1,0,0,1,0,2
19,50,19.83,59.91,40.47,19.44,1,1,0,0,1,0,0,0,0,0,0,0,1
19,51,19.85,59.98,40.56,19.42,1,1,0,0,1,0,0,0,0,0,0,0,2
19,52,19.87,60.09,40.56,19.53,0,0,0,0,0,0,0,0,0,0,0,0,1
19,53,19.88,59.99,40.44,19.54,0,0,0,0,0,0,0,0,0,0,0,0,2
19,54,19.9,59.98,40.45,19.53,0,0,0,0,0,0,0,0,0,0,0,0,1
19,55,19.92,59.98,40.45,19.53,0,0,0,0,0,0,0,0,0,0,0,0,2
19,56,19.93,59.91,40.48,19.44,0,0,0,0,0,0,0,0,0,0,0,0,2
20,0,20,60,40.56,19.44,0,0,0,0,0,1,0,1,0,0,1,0,2
20,1,20.02,59.98,40.55,19.43,0,0,0,0,0,1,1,1,0,1,0,0,1
20,2,20.03,60.09,40.56,19.53,1,1,1,0,2,1,0,0,1,0,1,0,2
20,3,20.05,60,40.47,19.52,1,1,0,0,1,1,2,3,1,2,2,0,2
20,4,20.07,59.99,40.47,19.52,1,1,0,0,1,1,0,1,0,0,1,0,2
20,5,20.08,60,40.46,19.54,0,0,0,0,0,0,0,0,0,0,0,0,1
20,6,20.1,59.9,40.46,19.44,1,1,0,0,1,1,0,1,0,0,1,0,2
20,7,20.12,59.99,40.57,19.42,1,1,0,0,1,1,3,4,0,3,1,0,2
20,8,20.13,59.99,40.56,19.43,1,1,3,0,4,1,0,1,0,0,1,0,3
20,9,20.15,59.98,40.56,19.42,0,0,0,0,0,1,0,1,1,0,2,0,2
20,10,20.17,59.99,40.57,19.43,1,1,0,0,1,1,0,0,1,0,1,0,2
20,11,20.18,60.09,40.56,19.53,1,1,0,0,1,0,0,0,0,0,0,0,2
20,12,20.2,60.01,40.46,19.55,1,0,2,0,2,1,1,1,1,1,1,0,1
20,13,20.22,59.98,40.45,19.53,1,0,2,0,2,1,0,1,1,0,2,0,2
20,14,20.23,59.9,40.46,19.44,1,2,0,2,0,1,2,3,2,2,3,0,2
20,15,20.25,60.08,40.55,19.54,0,0,0,0,0,1,0,0,1,0,1,0,2
20,16,20.27,59.97,40.45,19.52,0,0,0,0,0,1,0,2,1,1,2,0,3
20,17,20.28,59.99,40.45,19.55,1,0,1,0,1,1,0,0,2,0,2,0,2
20,18,20.3,59.99,40.46,19.53,1,1,0,0,1,0,0,0,0,0,0,0,2
20,19,20.32,59.98,40.46,19.52,0,0,0,0,0,1,0,1,0,0,1,0,2
20,20,20.33,60,40.56,19.44,0,0,0,0,0,1,0,1,0,0,1,0,2
20,21,20.35,60.06,40.53,19.53,1,0,1,0,1,1,1,1,2,1,2,0,2
20,22,20.37,59.98,40.46,19.52,0,0,0,0,0,1,0,0,1,0,1,0,2
20,23,20.38,60.01,40.47,19.53,1,0,1,0,1,0,0,0,0,0,0,0,2
20,24,20.4,59.99,40.46,19.53,1,1,0,0,1,0,0,0,0,0,0,0,2
20,29,20.48,60,40.46,19.54,0,0,0,0,0,1,1,2,0,1,1,0,2
20,30,20.5,59.97,40.44,19.53,0,0,0,0,0,1,0,1,0,0,1,0,2
20,31,20.52,59.99,40.56,19.43,0,0,0,0,0,1,2,2,0,2,0,0,1
20,32,20.53,60.01,40.56,19.45,1,0,1,0,1,1,0,0,3,0,2,0,2
20,33,20.55,59.98,40.46,19.52,1,0,1,0,1,1,0,1,1,1,2,1,2
20,34,20.57,59.98,40.55,19.43,0,0,0,0,0,0,0,0,0,0,0,0,1
20,35,20.58,60.02,40.49,19.53,0,0,0,0,0,1,0,1,0,0,0,0,3
20,36,20.6,59.98,40.46,19.52,0,0,0,0,0,0,0,0,0,0,0,0,2
20,37,20.62,59.99,40.46,19.53,0,0,0,0,0,0,0,0,0,0,0,0,1
20,38,20.63,59.98,40.45,19.53,0,0,0,0,0,0,0,0,0,0,0,0,2
20,42,20.7,60.01,40.48,19.53,1,1,2,0,3,1,1,1,0,1,0,0,2
20,43,20.72,59.99,40.46,19.54,0,0,0,0,0,1,1,1,0,1,0,0,1
20,44,20.73,60.01,40.45,19.57,0,0,0,0,0,1,0,1,0,0,1,0,2
20,45,20.75,59.98,40.47,19.52,0,0,0,0,0,0,0,0,0,0,0,0,1
20,46,20.77,59.98,40.46,19.52,1,0,1,0,1,1,0,1,1,0,2,0,2
20,47,20.78,59.99,40.47,19.52,1,0,1,0,1,1,3,3,0,3,0,0,1
20,48,20.8,59.99,40.56,19.43,0,0,0,0,0,0,0,0,0,0,0,0,1
20,49,20.82,60.07,40.53,19.53,0,0,0,0,0,0,0,0,0,0,0,0,1
20,50,20.83,59.97,40.44,19.53,0,0,0,0,0,1,0,1,0,0,1,0,2
20,51,20.85,59.98,40.46,19.52,0,0,0,0,0,0,0,0,0,0,0,0,1
20,52,20.87,59.99,40.55,19.44,0,0,0,0,0,1,0,0,2,0,2,0,2
20,53,20.88,59.98,40.56,19.42,1,1,0,0,1,1,1,2,0,1,1,0,2
20,54,20.9,60.01,40.47,19.55,1,1,0,0,1,1,0,0,1,0,1,0,2
20,55,20.92,59.99,40.47,19.52,0,0,0,0,0,0,0,0,0,0,0,0,1
20,56,20.93,59.98,40.46,19.53,0,0,0,0,0,0,0,0,0,0,0,0,1
20,57,20.95,59.97,40.45,19.52,0,0,0,0,0,1,1,1,0,1,0,0,1
20,58,20.97,59.99,40.47,19.52,0,0,0,0,0,0,0,0,0,0,0,0,1
20,59,20.98,60,40.46,19.54,0,0,0,0,0,0,0,0,0,0,0,0,1
21,0,21,59.99,40.46,19.53,0,0,0,0,0,0,0,0,0,0,0,0,1
21,1,21.02,59.99,40.56,19.43,0,0,0,0,0,0,0,0,0,0,0,0,2
21,2,21.03,60.07,40.54,19.53,0,0,0,0,0,0,0,0,0,0,0,0,2
21,3,21.05,59.98,40.45,19.53,0,0,0,0,0,0,0,0,0,0,0,0,2
21,4,21.07,59.99,40.46,19.53,0,0,0,0,0,0,0,0,0,0,0,0,1
21,5,21.08,60.01,40.47,19.53,0,0,0,0,0,0,0,0,0,0,0,0,1
21,6,21.1,59.99,40.56,19.43,0,0,0,0,0,0,0,0,0,0,0,0,1
21,7,21.12,59.98,40.55,19.44,0,0,0,0,0,0,0,0,0,0,0,0,1
21,8,21.13,59.99,40.56,19.43,1,0,1,0,1,0,0,0,0,0,0,0,1
21,9,21.15,60.08,40.55,19.53,0,0,0,0,0,0,0,0,0,0,0,0,1
21,10,21.17,60,40.46,19.54,0,0,0,0,0,1,0,1,0,0,1,0,2
21,11,21.18,60.01,40.46,19.54,1,1,0,0,1,1,0,1,0,0,1,0,2
21,12,21.2,59.92,40.47,19.45,0,0,0,0,0,0,0,0,0,0,0,0,1
21,13,21.22,59.99,40.56,19.43,0,0,0,0,0,1,0,1,0,0,1,0,2
21,14,21.23,60,40.57,19.43,0,0,0,0,0,0,0,0,0,0,0,0,1
21,15,21.25,60,40.57,19.42,1,1,0,0,1,0,0,0,0,0,0,0,2
21,16,21.27,59.98,40.55,19.43,1,0,1,0,1,1,1,1,0,1,0,0,1
21,17,21.28,59.98,40.54,19.43,1,0,1,0,0,1,1,1,1,1,0,0,1
21,18,21.3,59.98,40.56,19.42,1,1,0,2,0,1,0,1,0,1,1,0,2
21,19,21.32,59.99,40.56,19.43,0,0,0,0,0,0,0,0,0,0,0,0,1
21,20,21.33,60,40.49,19.51,1,1,0,0,1,1,0,1,0,0,1,0,2
21,21,21.35,60,40.56,19.44,0,0,0,0,0,1,0,1,0,0,1,0,2
21,22,21.37,60.08,40.55,19.53,0,0,0,0,0,1,0,1,1,0,2,0,2
21,23,21.38,59.99,40.46,19.54,0,0,0,0,0,0,0,0,0,0,0,0,1
21,24,21.4,59.99,40.46,19.53,0,0,0,0,0,1,0,1,0,0,1,0,2
21,25,21.42,60,40.47,19.53,0,0,0,0,0,0,0,0,0,0,0,0,1
21,26,21.43,59.99,40.45,19.53,0,0,0,0,0,1,1,1,0,1,0,0,2
21,27,21.45,60.02,40.49,19.53,0,0,0,0,0,0,0,0,0,0,0,0,1
21,28,21.47,59.98,40.46,19.53,1,0,1,0,1,1,0,1,0,0,1,0,2
21,29,21.48,59.99,40.55,19.44,0,0,0,0,0,1,0,1,0,0,1,0,2
21,30,21.5,60,40.48,19.53,1,0,1,0,1,1,1,2,0,1,1,0,2
21,31,21.52,59.99,40.56,19.43,1,1,0,0,1,1,2,3,0,2,1,0,2
21,32,21.53,60.03,40.48,19.55,0,0,0,0,0,0,0,0,0,0,0,0,1
21,33,21.55,59.98,40.46,19.52,1,1,0,0,1,1,0,1,0,0,1,0,2
21,34,21.57,60,40.47,19.53,0,0,0,0,0,1,1,1,3,1,3,0,2
21,35,21.58,59.97,40.54,19.43,0,0,0,0,0,1,0,0,1,0,1,0,2
21,36,21.6,59.98,40.46,19.52,0,0,0,0,0,1,0,0,1,0,0,0,1
21,37,21.62,59.99,40.47,19.52,0,0,0,0,0,1,0,1,1,1,1,0,2
21,38,21.63,60,40.48,19.53,1,1,0,1,0,1,7,8,0,9,0,0,2
21,39,21.65,59.99,40.48,19.52,1,0,1,0,1,0,0,0,0,0,0,0,1
21,40,21.67,59.98,40.45,19.53,0,0,0,0,0,1,1,1,0,1,0,0,1
21,41,21.68,59.96,40.54,19.42,0,0,0,0,0,1,0,1,1,0,2,0,2
21,42,21.7,60,40.56,19.44,0,0,0,0,0,1,1,1,0,1,0,0,1
21,43,21.72,60,40.56,19.44,0,0,0,0,0,0,0,0,0,0,0,0,1
21,44,21.73,60,40.45,19.55,0,0,0,0,0,0,0,0,0,0,0,0,1
21,45,21.75,59.91,40.45,19.46,1,1,0,0,1,0,0,0,0,0,0,0,2
21,46,21.77,59.97,40.55,19.42,0,0,0,0,0,1,0,1,1,0,2,0,2
21,47,21.78,60,40.56,19.44,1,2,1,2,0,1,0,2,0,2,0,0,2
21,48,21.8,59.99,40.47,19.52,1,0,2,1,2,1,1,2,2,1,3,0,2
21,49,21.82,59.98,40.46,19.52,0,0,0,0,0,0,0,0,0,0,0,0,1
21,50,21.83,59.99,40.46,19.53,0,0,0,0,0,0,0,0,0,0,0,0,1
21,51,21.85,59.88,40.45,19.43,0,0,0,0,0,0,0,0,0,0,0,0,1
21,52,21.87,60.01,40.49,19.53,1,0,1,0,1,1,0,0,4,0,4,0,2
21,53,21.88,59.98,40.46,19.52,0,0,0,0,0,0,0,0,0,0,0,0,1
21,54,21.9,60,40.48,19.52,1,0,3,0,3,1,0,0,1,0,1,0,1
21,55,21.92,59.99,40.46,19.53,0,0,0,0,0,0,0,0,0,0,0,0,1
21,56,21.93,59.97,40.45,19.53,0,0,0,0,0,0,0,0,0,0,0,0,1
21,57,21.95,60,40.46,19.54,0,0,0,0,0,0,0,0,0,0,0,0,1
21,58,21.97,59.91,40.48,19.43,1,1,1,0,2,1,1,1,0,1,0,0,2
21,59,21.98,60.01,40.57,19.43,0,0,0,0,0,0,0,0,0,0,0,0,1
22,0,22,60,40.48,19.52,1,0,1,0,1,0,0,0,0,0,0,0,1
22,1,22.02,59.97,40.55,19.42,0,0,0,0,0,0,0,0,0,0,0,0,1
22,2,22.03,60.07,40.55,19.52,0,0,0,0,0,1,0,0,2,0,2,0,2
22,3,22.05,59.99,40.47,19.52,0,0,0,0,0,0,0,0,0,0,0,0,1
22,4,22.07,60,40.56,19.44,0,0,0,0,0,1,0,0,1,0,0,0,2
22,5,22.08,59.99,40.55,19.44,0,0,0,0,0,1,0,0,0,1,0,0,1
22,6,22.1,60,40.56,19.44,0,0,0,0,0,0,0,0,0,0,0,0,2
22,7,22.12,60.08,40.56,19.52,0,0,0,0,0,1,0,1,0,0,1,0,2
22,8,22.13,60.01,40.48,19.53,1,1,0,0,1,1,0,1,0,0,1,0,2
22,9,22.15,59.99,40.47,19.53,1,0,1,0,1,0,0,0,0,0,0,0,1
22,10,22.17,60,40.47,19.53,0,0,0,0,0,0,0,0,0,0,0,0,1
22,11,22.18,59.99,40.47,19.52,1,0,1,0,1,1,1,1,1,1,1,0,1
22,12,22.2,60,40.46,19.54,0,0,0,0,0,0,0,0,0,0,0,0,1
22,13,22.22,59.98,40.45,19.53,1,0,1,0,1,0,0,0,0,0,0,0,1
22,14,22.23,59.99,40.46,19.53,0,0,0,0,0,1,0,1,2,0,3,0,2
22,15,22.25,59.99,40.46,19.54,0,0,0,0,0,1,0,1,0,0,1,0,2
22,16,22.27,59.99,40.47,19.52,1,1,0,0,1,1,0,1,0,0,1,0,2
22,17,22.28,59.99,40.56,19.43,0,0,0,0,0,0,0,0,0,0,0,0,1
22,18,22.3,59.99,40.56,19.43,0,0,0,0,0,0,0,0,0,0,0,0,1
22,19,22.32,59.99,40.46,19.53,0,0,0,0,0,1,0,1,0,0,1,0,2
22,20,22.33,59.97,40.55,19.42,0,0,0,0,0,1,0,1,2,0,2,0,2
22,21,22.35,59.98,40.55,19.43,0,0,0,0,0,1,0,1,0,1,1,0,2
22,22,22.37,60.09,40.55,19.54,0,0,0,0,0,0,0,0,0,0,0,0,1
22,23,22.38,59.88,40.45,19.43,0,0,0,0,0,1,1,1,0,1,0,0,1
22,24,22.4,60,40.57,19.43,0,0,0,0,0,0,0,0,0,0,0,0,1
22,25,22.42,59.99,40.56,19.43,0,0,0,0,0,0,0,0,0,0,0,0,1
22,26,22.43,60,40.57,19.43,1,1,0,0,1,0,0,0,0,0,0,0,2
22,27,22.45,60,40.56,19.44,0,0,0,0,0,0,0,0,0,0,0,0,1
22,28,22.47,59.99,40.55,19.44,0,0,0,0,0,0,0,0,0,0,0,0,1
22,29,22.48,60.01,40.57,19.44,1,1,1,0,2,0,0,0,0,0,0,0,2
22,30,22.5,59.98,40.46,19.52,0,0,0,0,0,1,0,1,0,0,1,0,2
22,31,22.52,59.99,40.46,19.53,0,0,0,0,0,0,0,0,0,0,0,0,1
22,32,22.53,59.99,40.46,19.54,1,1,0,0,1,1,0,1,1,0,2,0,2
22,33,22.55,59.96,40.44,19.52,1,1,1,0,2,1,0,0,1,0,1,0,2
22,34,22.57,59.99,40.46,19.53,0,0,0,0,0,1,0,0,1,0,1,0,2
22,35,22.58,60,40.47,19.53,0,0,0,0,0,0,0,0,0,0,0,0,1
22,36,22.6,59.99,40.46,19.53,0,0,0,0,0,1,0,0,1,0,1,0,2
22,37,22.62,59.99,40.45,19.53,0,0,0,0,0,0,0,0,0,0,0,0,1
22,38,22.63,59.98,40.45,19.53,0,0,0,0,0,1,0,1,2,0,3,0,2
22,39,22.65,59.98,40.45,19.54,1,0,1,0,0,0,0,0,0,0,0,0,1
22,40,22.67,59.92,40.47,19.45,1,0,0,1,0,1,0,1,1,0,2,0,2
22,41,22.68,60.07,40.55,19.52,0,0,0,0,0,1,1,1,0,1,0,0,1
22,42,22.7,59.93,40.48,19.45,0,0,0,0,0,1,0,0,1,0,0,0,1
22,43,22.72,60.09,40.55,19.53,0,0,0,0,0,1,0,1,0,1,1,0,2
22,44,22.73,60,40.46,19.54,0,0,0,0,0,1,1,1,1,1,1,0,2
22,45,22.75,59.99,40.45,19.54,0,0,0,0,0,0,0,0,0,0,0,0,1
22,46,22.77,59.99,40.47,19.52,0,0,0,0,0,1,0,0,1,0,1,0,2
22,47,22.78,59.99,40.55,19.44,0,0,0,0,0,1,0,1,1,0,2,0,2
22,48,22.8,60.07,40.55,19.52,0,0,0,0,0,0,0,0,0,0,0,0,1
22,49,22.82,59.99,40.46,19.53,0,0,0,0,0,1,1,1,0,1,0,0,1
22,50,22.83,59.9,40.48,19.43,0,0,0,0,0,0,0,0,0,0,0,0,1
22,51,22.85,60,40.57,19.44,0,0,0,0,0,0,0,0,0,0,0,0,1
22,52,22.87,59.99,40.54,19.45,0,0,0,0,0,1,0,0,1,0,1,0,2
22,53,22.88,59.98,40.55,19.43,0,0,0,0,0,0,0,0,0,0,0,0,1
22,54,22.9,59.98,40.55,19.43,1,1,0,0,1,1,0,0,1,0,1,0,2
22,55,22.92,60,40.56,19.44,0,0,0,0,0,0,0,0,0,0,0,0,1
22,56,22.93,59.99,40.56,19.43,0,0,0,0,0,0,0,0,0,0,0,0,1
22,57,22.95,60.03,40.48,19.55,0,0,0,0,0,0,0,0,0,0,0,0,1
22,58,22.97,60.01,40.46,19.55,0,0,0,0,0,1,1,1,0,1,0,0,2
22,59,22.98,59.91,40.48,19.43,0,0,0,0,0,1,1,1,0,1,0,0,1
23,0,23,59.99,40.57,19.42,0,0,0,0,0,0,0,0,0,0,0,0,1
23,1,23.02,59.99,40.55,19.44,0,0,0,0,0,0,0,0,0,0,0,0,1
23,2,23.03,60.08,40.56,19.52,0,0,0,0,0,1,0,1,0,0,1,0,2
23,3,23.05,59.99,40.47,19.52,0,0,0,0,0,0,0,0,0,0,0,0,2
23,4,23.07,59.98,40.45,19.53,0,0,0,0,0,0,0,0,0,0,0,0,1
23,5,23.08,59.99,40.55,19.44,0,0,0,0,0,0,0,0,0,0,0,0,1
23,6,23.1,60.09,40.56,19.53,0,0,0,0,0,0,0,0,0,0,0,0,2
23,7,23.12,60,40.47,19.53,0,0,0,0,0,0,0,0,0,0,0,0,1
23,8,23.13,59.95,40.53,19.42,0,0,0,0,0,0,0,0,0,0,0,0,1
23,17,23.28,59.99,40.56,19.43,0,0,0,0,0,1,0,0,0,1,0,0,1
23,18,23.3,60.01,40.57,19.44,0,0,0,0,0,1,0,1,0,0,1,0,2
23,19,23.32,60.07,40.54,19.52,0,0,0,0,0,1,0,1,0,0,1,0,2
23,20,23.33,59.99,40.46,19.52,0,0,0,0,0,0,0,0,0,0,0,0,1
23,21,23.35,59.99,40.47,19.52,0,0,0,0,0,0,0,0,0,0,0,0,1
23,22,23.37,60,40.47,19.53,0,0,0,0,0,0,0,0,0,0,0,0,1
23,23,23.38,60,40.47,19.52,1,0,1,0,1,1,0,0,2,0,2,0,2
23,24,23.4,59.99,40.46,19.53,0,0,0,0,0,0,0,0,0,0,0,0,1
23,25,23.42,59.98,40.44,19.54,0,0,0,0,0,1,0,0,1,0,1,0,2
23,26,23.43,59.99,40.47,19.53,1,0,1,0,1,1,0,0,1,0,1,0,2
23,27,23.45,59.98,40.45,19.52,0,0,0,0,0,0,0,0,0,0,0,0,1
23,28,23.47,59.99,40.47,19.52,1,1,0,0,1,0,0,0,0,0,0,0,2
23,29,23.48,59.99,40.45,19.54,0,0,0,0,0,0,0,0,0,0,0,0,1
23,30,23.5,59.98,40.45,19.54,0,0,0,0,0,1,0,0,1,0,1,0,2
23,31,23.52,60.02,40.48,19.54,0,0,0,0,0,0,0,0,0,0,0,0,1
23,32,23.53,59.92,40.48,19.44,0,0,0,0,0,0,0,0,0,0,0,0,1
23,33,23.55,60.03,40.51,19.52,0,0,0,0,0,0,0,0,0,0,0,0,1
23,34,23.57,59.91,40.47,19.44,0,0,0,0,0,0,0,0,0,0,0,0,1
23,35,23.58,60.01,40.49,19.53,0,0,0,0,0,0,0,0,0,0,0,0,1
23,36,23.6,59.97,40.45,19.52,0,0,0,0,0,0,0,0,0,0,0,0,1
23,37,23.62,60,40.57,19.43,0,0,0,0,0,1,1,2,0,1,1,0,2
23,38,23.63,59.97,40.54,19.42,0,0,0,0,0,0,0,0,0,0,0,0,1
23,39,23.65,59.99,40.56,19.43,0,0,0,0,0,0,0,0,0,0,0,0,2
23,40,23.67,59.98,40.54,19.44,0,0,0,0,0,0,0,0,0,0,0,0,2
23,41,23.68,59.98,40.55,19.43,0,0,0,0,0,0,0,0,0,0,0,0,1
23,42,23.7,59.99,40.56,19.43,0,0,0,0,0,0,0,0,0,0,0,0,1
23,43,23.72,60.07,40.55,19.52,0,0,0,0,0,0,0,0,0,0,0,0,2
23,44,23.73,59.97,40.44,19.53,0,0,0,0,0,0,0,0,0,0,0,0,2
23,45,23.75,59.99,40.48,19.52,0,0,0,0,0,0,0,0,0,0,0,0,1
23,46,23.77,60,40.47,19.53,0,0,0,0,0,0,0,0,0,0,0,0,1
23,49,23.82,24.52,5,19.52,0,0,0,0,0,0,0,0,0,0,0,1,2
23,50,23.83,59.9,40.47,19.43,1,1,1,0,2,0,0,0,0,0,0,0,2
23,51,23.85,60,40.48,19.52,0,0,0,0,0,1,0,1,0,0,1,0,2
23,52,23.87,60.02,40.47,19.55,0,0,0,0,0,1,1,1,0,1,0,0,1
23,53,23.88,59.97,40.45,19.52,0,0,0,0,0,0,0,0,0,0,0,0,1
23,54,23.9,59.88,40.45,19.42,0,0,0,0,0,1,0,1,0,0,1,0,2
23,55,23.92,60,40.47,19.53,1,1,0,0,1,0,0,0,0,0,0,0,2
23,56,23.93,59.99,40.46,19.53,1,0,1,0,1,0,0,0,0,0,0,0,1
23,57,23.95,59.98,40.46,19.53,1,0,1,0,1,0,0,0,0,0,0,0,1
23,58,23.97,59.97,40.45,19.52,0,0,0,0,0,0,0,0,0,0,0,0,1
